-- Adminer 4.8.1 PostgreSQL 13.4 dump

DROP TABLE IF EXISTS "block_panchayaths";
DROP SEQUENCE IF EXISTS block_panchayaths_id_seq;
CREATE SEQUENCE block_panchayaths_id_seq INCREMENT 1 MINVALUE 1 MAXVALUE 2147483647 CACHE 1;

CREATE TABLE "public"."block_panchayaths" (
    "id" integer DEFAULT nextval('block_panchayaths_id_seq') NOT NULL,
    "name" character varying(255) NOT NULL,
    "district" integer,
    "created_by" integer,
    "updated_by" integer,
    "created_at" timestamptz DEFAULT CURRENT_TIMESTAMP,
    "updated_at" timestamptz DEFAULT CURRENT_TIMESTAMP,
    CONSTRAINT "block_panchayaths_pkey" PRIMARY KEY ("id")
) WITH (oids = false);

INSERT INTO "block_panchayaths" ("id", "name", "district", "created_by", "updated_by", "created_at", "updated_at") VALUES
(1,	'Kayamkulam   ',	11,	NULL,	NULL,	'2021-11-27 11:04:07.843857+05:30',	'2021-11-27 11:04:07.843857+05:30'),
(2,	'Mavelikkara  ',	11,	NULL,	NULL,	'2021-11-27 11:04:07.843857+05:30',	'2021-11-27 11:04:07.843857+05:30'),
(3,	'Chengannur  ',	11,	NULL,	NULL,	'2021-11-27 11:04:07.843857+05:30',	'2021-11-27 11:04:07.843857+05:30'),
(4,	'Alappuzha   ',	11,	NULL,	NULL,	'2021-11-27 11:04:07.843857+05:30',	'2021-11-27 11:04:07.843857+05:30'),
(5,	'Cherthala   ',	11,	NULL,	NULL,	'2021-11-27 11:04:07.843857+05:30',	'2021-11-27 11:04:07.843857+05:30'),
(6,	'Kunnamkulam   ',	7,	NULL,	NULL,	'2021-11-27 11:04:07.843857+05:30',	'2021-11-27 11:04:07.843857+05:30'),
(7,	'Irinjalakuda   ',	7,	NULL,	NULL,	'2021-11-27 11:04:07.843857+05:30',	'2021-11-27 11:04:07.843857+05:30'),
(8,	'Kodungallur  ',	7,	NULL,	NULL,	'2021-11-27 11:04:07.843857+05:30',	'2021-11-27 11:04:07.843857+05:30'),
(9,	'Chavakkad   ',	7,	NULL,	NULL,	'2021-11-27 11:04:07.843857+05:30',	'2021-11-27 11:04:07.843857+05:30'),
(10,	'Guruvayoor   ',	7,	NULL,	NULL,	'2021-11-27 11:04:07.843857+05:30',	'2021-11-27 11:04:07.843857+05:30'),
(11,	'Chalakudy   ',	7,	NULL,	NULL,	'2021-11-27 11:04:07.843857+05:30',	'2021-11-27 11:04:07.843857+05:30'),
(12,	'Thrissur',	7,	NULL,	NULL,	'2021-11-27 11:04:07.843857+05:30',	'2021-11-27 11:04:07.843857+05:30'),
(13,	'Adoor  ',	12,	NULL,	NULL,	'2021-11-27 11:04:07.843857+05:30',	'2021-11-27 11:04:07.843857+05:30'),
(14,	'Pathanamthitta  ',	12,	NULL,	NULL,	'2021-11-27 11:04:07.843857+05:30',	'2021-11-27 11:04:07.843857+05:30'),
(15,	'Thiruvalla   ',	12,	NULL,	NULL,	'2021-11-27 11:04:07.843857+05:30',	'2021-11-27 11:04:07.843857+05:30'),
(16,	'Kanhangad   ',	1,	NULL,	NULL,	'2021-11-27 11:04:07.843857+05:30',	'2021-11-27 11:04:07.843857+05:30'),
(17,	'Kasaragod  ',	1,	NULL,	NULL,	'2021-11-27 11:04:07.843857+05:30',	'2021-11-27 11:04:07.843857+05:30'),
(18,	'Nileshwar',	1,	NULL,	NULL,	'2021-11-27 11:04:07.843857+05:30',	'2021-11-27 11:04:07.843857+05:30'),
(19,	'Kochi',	8,	NULL,	NULL,	'2021-11-27 11:04:07.843857+05:30',	'2021-11-27 11:04:07.843857+05:30'),
(20,	'Thrippunithura    ',	8,	NULL,	NULL,	'2021-11-27 11:04:07.843857+05:30',	'2021-11-27 11:04:07.843857+05:30'),
(21,	'Muvattupuzha  ',	8,	NULL,	NULL,	'2021-11-27 11:04:07.843857+05:30',	'2021-11-27 11:04:07.843857+05:30'),
(22,	'Kothamangalam  ',	8,	NULL,	NULL,	'2021-11-27 11:04:07.843857+05:30',	'2021-11-27 11:04:07.843857+05:30'),
(23,	'Perumbavoor  ',	8,	NULL,	NULL,	'2021-11-27 11:04:07.843857+05:30',	'2021-11-27 11:04:07.843857+05:30'),
(24,	'Aluva  ',	8,	NULL,	NULL,	'2021-11-27 11:04:07.843857+05:30',	'2021-11-27 11:04:07.843857+05:30'),
(25,	'Kalamassery  ',	8,	NULL,	NULL,	'2021-11-27 11:04:07.843857+05:30',	'2021-11-27 11:04:07.843857+05:30'),
(26,	'North Paravur    ',	8,	NULL,	NULL,	'2021-11-27 11:04:07.843857+05:30',	'2021-11-27 11:04:07.843857+05:30'),
(27,	'Angamaly  ',	8,	NULL,	NULL,	'2021-11-27 11:04:07.843857+05:30',	'2021-11-27 11:04:07.843857+05:30'),
(28,	'Eloor  ',	8,	NULL,	NULL,	'2021-11-27 11:04:07.843857+05:30',	'2021-11-27 11:04:07.843857+05:30'),
(29,	'Thrikkakara ',	8,	NULL,	NULL,	'2021-11-27 11:04:07.843857+05:30',	'2021-11-27 11:04:07.843857+05:30'),
(30,	'Maradu',	8,	NULL,	NULL,	'2021-11-27 11:04:07.843857+05:30',	'2021-11-27 11:04:07.843857+05:30'),
(31,	'Kozhikkode',	4,	NULL,	NULL,	'2021-11-27 11:04:07.843857+05:30',	'2021-11-27 11:04:07.843857+05:30'),
(32,	'Koilandy   ',	4,	NULL,	NULL,	'2021-11-27 11:04:07.843857+05:30',	'2021-11-27 11:04:07.843857+05:30'),
(33,	'Vadakara   ',	4,	NULL,	NULL,	'2021-11-27 11:04:07.843857+05:30',	'2021-11-27 11:04:07.843857+05:30'),
(34,	'Thodupuzha ',	9,	NULL,	NULL,	'2021-11-27 11:04:07.843857+05:30',	'2021-11-27 11:04:07.843857+05:30'),
(35,	'Kollam',	13,	NULL,	NULL,	'2021-11-27 11:04:07.843857+05:30',	'2021-11-27 11:04:07.843857+05:30'),
(36,	'Paravoor   ',	13,	NULL,	NULL,	'2021-11-27 11:04:07.843857+05:30',	'2021-11-27 11:04:07.843857+05:30'),
(37,	'Punalur   ',	13,	NULL,	NULL,	'2021-11-27 11:04:07.843857+05:30',	'2021-11-27 11:04:07.843857+05:30'),
(38,	'Karunagappally',	13,	NULL,	NULL,	'2021-11-27 11:04:07.843857+05:30',	'2021-11-27 11:04:07.843857+05:30'),
(39,	'Taliparamba ',	2,	NULL,	NULL,	'2021-11-27 11:04:07.843857+05:30',	'2021-11-27 11:04:07.843857+05:30'),
(40,	'Koothuparamba  ',	2,	NULL,	NULL,	'2021-11-27 11:04:07.843857+05:30',	'2021-11-27 11:04:07.843857+05:30'),
(41,	'Thalassery   ',	2,	NULL,	NULL,	'2021-11-27 11:04:07.843857+05:30',	'2021-11-27 11:04:07.843857+05:30'),
(42,	'Payyannur  ',	2,	NULL,	NULL,	'2021-11-27 11:04:07.843857+05:30',	'2021-11-27 11:04:07.843857+05:30'),
(43,	'Mattannur ',	2,	NULL,	NULL,	'2021-11-27 11:04:07.843857+05:30',	'2021-11-27 11:04:07.843857+05:30'),
(44,	'Shornur    ',	6,	NULL,	NULL,	'2021-11-27 11:04:07.843857+05:30',	'2021-11-27 11:04:07.843857+05:30'),
(45,	'Ottappalam   ',	6,	NULL,	NULL,	'2021-11-27 11:04:07.843857+05:30',	'2021-11-27 11:04:07.843857+05:30'),
(46,	'Palakkad   ',	6,	NULL,	NULL,	'2021-11-27 11:04:07.843857+05:30',	'2021-11-27 11:04:07.843857+05:30'),
(47,	'Chittur',	6,	NULL,	NULL,	'2021-11-27 11:04:07.843857+05:30',	'2021-11-27 11:04:07.843857+05:30'),
(48,	'Changanassery  ',	10,	NULL,	NULL,	'2021-11-27 11:04:07.843857+05:30',	'2021-11-27 11:04:07.843857+05:30'),
(49,	'Kottayam  ',	10,	NULL,	NULL,	'2021-11-27 11:04:07.843857+05:30',	'2021-11-27 11:04:07.843857+05:30'),
(50,	'Vaikom   ',	10,	NULL,	NULL,	'2021-11-27 11:04:07.843857+05:30',	'2021-11-27 11:04:07.843857+05:30'),
(51,	'Palai  ',	10,	NULL,	NULL,	'2021-11-27 11:04:07.843857+05:30',	'2021-11-27 11:04:07.843857+05:30'),
(52,	'Ponnani',	5,	NULL,	NULL,	'2021-11-27 11:04:07.843857+05:30',	'2021-11-27 11:04:07.843857+05:30'),
(53,	'Tirur',	5,	NULL,	NULL,	'2021-11-27 11:04:07.843857+05:30',	'2021-11-27 11:04:07.843857+05:30'),
(54,	'Perinthalmanna',	5,	NULL,	NULL,	'2021-11-27 11:04:07.843857+05:30',	'2021-11-27 11:04:07.843857+05:30'),
(55,	'Malappuram',	5,	NULL,	NULL,	'2021-11-27 11:04:07.843857+05:30',	'2021-11-27 11:04:07.843857+05:30'),
(56,	'Manjeri',	5,	NULL,	NULL,	'2021-11-27 11:04:07.843857+05:30',	'2021-11-27 11:04:07.843857+05:30'),
(57,	'Kottakkal',	5,	NULL,	NULL,	'2021-11-27 11:04:07.843857+05:30',	'2021-11-27 11:04:07.843857+05:30'),
(58,	'Nilambur',	5,	NULL,	NULL,	'2021-11-27 11:04:07.843857+05:30',	'2021-11-27 11:04:07.843857+05:30'),
(59,	'Thiruvananthapuram',	14,	NULL,	NULL,	'2021-11-27 11:04:07.843857+05:30',	'2021-11-27 11:04:07.843857+05:30'),
(60,	'Neyyattinkara   ',	14,	NULL,	NULL,	'2021-11-27 11:04:07.843857+05:30',	'2021-11-27 11:04:07.843857+05:30'),
(61,	'Nedumangad   ',	14,	NULL,	NULL,	'2021-11-27 11:04:07.843857+05:30',	'2021-11-27 11:04:07.843857+05:30'),
(62,	'Attingal   ',	14,	NULL,	NULL,	'2021-11-27 11:04:07.843857+05:30',	'2021-11-27 11:04:07.843857+05:30'),
(63,	'Varkala  ',	14,	NULL,	NULL,	'2021-11-27 11:04:07.843857+05:30',	'2021-11-27 11:04:07.843857+05:30'),
(64,	'Kalpetta  ',	3,	NULL,	NULL,	'2021-11-27 11:04:07.843857+05:30',	'2021-11-27 11:04:07.843857+05:30'),
(65,	'Kottarakkara',	13,	NULL,	NULL,	'2021-11-27 11:04:07.843857+05:30',	'2021-11-27 11:04:07.843857+05:30'),
(66,	'Pandalam',	12,	NULL,	NULL,	'2021-11-27 11:04:07.843857+05:30',	'2021-11-27 11:04:07.843857+05:30'),
(67,	'Harippad',	11,	NULL,	NULL,	'2021-11-27 11:04:07.843857+05:30',	'2021-11-27 11:04:07.843857+05:30'),
(68,	'Ettumanoor',	10,	NULL,	NULL,	'2021-11-27 11:04:07.843857+05:30',	'2021-11-27 11:04:07.843857+05:30'),
(69,	'Erattupetta',	10,	NULL,	NULL,	'2021-11-27 11:04:07.843857+05:30',	'2021-11-27 11:04:07.843857+05:30'),
(70,	'Kattappana',	9,	NULL,	NULL,	'2021-11-27 11:04:07.843857+05:30',	'2021-11-27 11:04:07.843857+05:30'),
(71,	'Piravom',	8,	NULL,	NULL,	'2021-11-27 11:04:07.843857+05:30',	'2021-11-27 11:04:07.843857+05:30'),
(72,	'Kothattukulam',	8,	NULL,	NULL,	'2021-11-27 11:04:07.843857+05:30',	'2021-11-27 11:04:07.843857+05:30'),
(73,	'Vadakkancherry',	7,	NULL,	NULL,	'2021-11-27 11:04:07.843857+05:30',	'2021-11-27 11:04:07.843857+05:30'),
(74,	'Pattambi',	6,	NULL,	NULL,	'2021-11-27 11:04:07.843857+05:30',	'2021-11-27 11:04:07.843857+05:30'),
(75,	'Cherupulassery',	6,	NULL,	NULL,	'2021-11-27 11:04:07.843857+05:30',	'2021-11-27 11:04:07.843857+05:30'),
(76,	'Mannarkkad',	6,	NULL,	NULL,	'2021-11-27 11:04:07.843857+05:30',	'2021-11-27 11:04:07.843857+05:30'),
(77,	'Thanoor',	5,	NULL,	NULL,	'2021-11-27 11:04:07.843857+05:30',	'2021-11-27 11:04:07.843857+05:30'),
(78,	'Parappanangadi',	5,	NULL,	NULL,	'2021-11-27 11:04:07.843857+05:30',	'2021-11-27 11:04:07.843857+05:30'),
(79,	'Valanchery',	5,	NULL,	NULL,	'2021-11-27 11:04:07.843857+05:30',	'2021-11-27 11:04:07.843857+05:30'),
(80,	'Tirurangadi',	5,	NULL,	NULL,	'2021-11-27 11:04:07.843857+05:30',	'2021-11-27 11:04:07.843857+05:30'),
(81,	'Payyoli',	4,	NULL,	NULL,	'2021-11-27 11:04:07.843857+05:30',	'2021-11-27 11:04:07.843857+05:30'),
(82,	'Ramanattukara',	4,	NULL,	NULL,	'2021-11-27 11:04:07.843857+05:30',	'2021-11-27 11:04:07.843857+05:30'),
(83,	'Koduvally',	4,	NULL,	NULL,	'2021-11-27 11:04:07.843857+05:30',	'2021-11-27 11:04:07.843857+05:30'),
(84,	'Mukkam',	4,	NULL,	NULL,	'2021-11-27 11:04:07.843857+05:30',	'2021-11-27 11:04:07.843857+05:30'),
(85,	'Faroke',	4,	NULL,	NULL,	'2021-11-27 11:04:07.843857+05:30',	'2021-11-27 11:04:07.843857+05:30'),
(86,	'Mananthavadi',	3,	NULL,	NULL,	'2021-11-27 11:04:07.843857+05:30',	'2021-11-27 11:04:07.843857+05:30'),
(87,	'Sulthanbethery',	3,	NULL,	NULL,	'2021-11-27 11:04:07.843857+05:30',	'2021-11-27 11:04:07.843857+05:30'),
(88,	'Iritty',	2,	NULL,	NULL,	'2021-11-27 11:04:07.843857+05:30',	'2021-11-27 11:04:07.843857+05:30'),
(89,	'Panoor',	2,	NULL,	NULL,	'2021-11-27 11:04:07.843857+05:30',	'2021-11-27 11:04:07.843857+05:30'),
(90,	'Sreekandapuram',	2,	NULL,	NULL,	'2021-11-27 11:04:07.843857+05:30',	'2021-11-27 11:04:07.843857+05:30'),
(91,	'Anthoor',	2,	NULL,	NULL,	'2021-11-27 11:04:07.843857+05:30',	'2021-11-27 11:04:07.843857+05:30'),
(92,	'Kannur',	2,	NULL,	NULL,	'2021-11-27 11:04:07.843857+05:30',	'2021-11-27 11:04:07.843857+05:30'),
(93,	'Kondotty',	5,	NULL,	NULL,	'2021-11-27 11:04:07.843857+05:30',	'2021-11-27 11:04:07.843857+05:30'),
(128,	'Arookutty',	11,	NULL,	NULL,	'2021-11-27 11:04:07.843857+05:30',	'2021-11-27 11:04:07.843857+05:30'),
(129,	'Chennam Pallippuram',	11,	NULL,	NULL,	'2021-11-27 11:04:07.843857+05:30',	'2021-11-27 11:04:07.843857+05:30'),
(130,	'Panavally',	11,	NULL,	NULL,	'2021-11-27 11:04:07.843857+05:30',	'2021-11-27 11:04:07.843857+05:30'),
(131,	'Perumbalam',	11,	NULL,	NULL,	'2021-11-27 11:04:07.843857+05:30',	'2021-11-27 11:04:07.843857+05:30'),
(132,	'Thycattussery',	11,	NULL,	NULL,	'2021-11-27 11:04:07.843857+05:30',	'2021-11-27 11:04:07.843857+05:30'),
(133,	'Aroor',	11,	NULL,	NULL,	'2021-11-27 11:04:07.843857+05:30',	'2021-11-27 11:04:07.843857+05:30'),
(134,	'Ezhupunna',	11,	NULL,	NULL,	'2021-11-27 11:04:07.843857+05:30',	'2021-11-27 11:04:07.843857+05:30'),
(135,	'Kuthiathode',	11,	NULL,	NULL,	'2021-11-27 11:04:07.843857+05:30',	'2021-11-27 11:04:07.843857+05:30'),
(136,	'Kodamthuruth',	11,	NULL,	NULL,	'2021-11-27 11:04:07.843857+05:30',	'2021-11-27 11:04:07.843857+05:30'),
(137,	'Thuravoor',	11,	NULL,	NULL,	'2021-11-27 11:04:07.843857+05:30',	'2021-11-27 11:04:07.843857+05:30'),
(138,	'Pattanakkad',	11,	NULL,	NULL,	'2021-11-27 11:04:07.843857+05:30',	'2021-11-27 11:04:07.843857+05:30'),
(139,	'Vayalar',	11,	NULL,	NULL,	'2021-11-27 11:04:07.843857+05:30',	'2021-11-27 11:04:07.843857+05:30'),
(140,	'Kanjikkuzhy',	11,	NULL,	NULL,	'2021-11-27 11:04:07.843857+05:30',	'2021-11-27 11:04:07.843857+05:30'),
(141,	'Cherthala South',	11,	NULL,	NULL,	'2021-11-27 11:04:07.843857+05:30',	'2021-11-27 11:04:07.843857+05:30'),
(142,	'Mararikkulam North',	11,	NULL,	NULL,	'2021-11-27 11:04:07.843857+05:30',	'2021-11-27 11:04:07.843857+05:30'),
(143,	'Kadakkarapally',	11,	NULL,	NULL,	'2021-11-27 11:04:07.843857+05:30',	'2021-11-27 11:04:07.843857+05:30'),
(144,	'Thanneermukkam',	11,	NULL,	NULL,	'2021-11-27 11:04:07.843857+05:30',	'2021-11-27 11:04:07.843857+05:30'),
(145,	'Aryad',	11,	NULL,	NULL,	'2021-11-27 11:04:07.843857+05:30',	'2021-11-27 11:04:07.843857+05:30'),
(146,	'Mannanchery',	11,	NULL,	NULL,	'2021-11-27 11:04:07.843857+05:30',	'2021-11-27 11:04:07.843857+05:30'),
(147,	'Mararikkulam South',	11,	NULL,	NULL,	'2021-11-27 11:04:07.843857+05:30',	'2021-11-27 11:04:07.843857+05:30'),
(148,	'Muhamma',	11,	NULL,	NULL,	'2021-11-27 11:04:07.843857+05:30',	'2021-11-27 11:04:07.843857+05:30'),
(149,	'Ambalappuzha South',	11,	NULL,	NULL,	'2021-11-27 11:04:07.843857+05:30',	'2021-11-27 11:04:07.843857+05:30'),
(150,	'Ambalappuzha North',	11,	NULL,	NULL,	'2021-11-27 11:04:07.843857+05:30',	'2021-11-27 11:04:07.843857+05:30'),
(151,	'Punnapra South',	11,	NULL,	NULL,	'2021-11-27 11:04:07.843857+05:30',	'2021-11-27 11:04:07.843857+05:30'),
(152,	'Punnapra North',	11,	NULL,	NULL,	'2021-11-27 11:04:07.843857+05:30',	'2021-11-27 11:04:07.843857+05:30'),
(153,	'Purakkad',	11,	NULL,	NULL,	'2021-11-27 11:04:07.843857+05:30',	'2021-11-27 11:04:07.843857+05:30'),
(154,	'Edathua',	11,	NULL,	NULL,	'2021-11-27 11:04:07.843857+05:30',	'2021-11-27 11:04:07.843857+05:30'),
(155,	'Kainakary',	11,	NULL,	NULL,	'2021-11-27 11:04:07.843857+05:30',	'2021-11-27 11:04:07.843857+05:30'),
(156,	'Champakkulam',	11,	NULL,	NULL,	'2021-11-27 11:04:07.843857+05:30',	'2021-11-27 11:04:07.843857+05:30'),
(157,	'Thakazhy',	11,	NULL,	NULL,	'2021-11-27 11:04:07.843857+05:30',	'2021-11-27 11:04:07.843857+05:30'),
(158,	'Thalavady',	11,	NULL,	NULL,	'2021-11-27 11:04:07.843857+05:30',	'2021-11-27 11:04:07.843857+05:30'),
(159,	'Nedumudi',	11,	NULL,	NULL,	'2021-11-27 11:04:07.843857+05:30',	'2021-11-27 11:04:07.843857+05:30'),
(160,	'Kavalam',	11,	NULL,	NULL,	'2021-11-27 11:04:07.843857+05:30',	'2021-11-27 11:04:07.843857+05:30'),
(161,	'Pulincunnu',	11,	NULL,	NULL,	'2021-11-27 11:04:07.843857+05:30',	'2021-11-27 11:04:07.843857+05:30'),
(162,	'Neelamperoor',	11,	NULL,	NULL,	'2021-11-27 11:04:07.843857+05:30',	'2021-11-27 11:04:07.843857+05:30'),
(163,	'Muttar',	11,	NULL,	NULL,	'2021-11-27 11:04:07.843857+05:30',	'2021-11-27 11:04:07.843857+05:30'),
(164,	'Ramankary',	11,	NULL,	NULL,	'2021-11-27 11:04:07.843857+05:30',	'2021-11-27 11:04:07.843857+05:30'),
(165,	'Veliyanad',	11,	NULL,	NULL,	'2021-11-27 11:04:07.843857+05:30',	'2021-11-27 11:04:07.843857+05:30'),
(166,	'Cheriyanad',	11,	NULL,	NULL,	'2021-11-27 11:04:07.843857+05:30',	'2021-11-27 11:04:07.843857+05:30'),
(167,	'Ala',	11,	NULL,	NULL,	'2021-11-27 11:04:07.843857+05:30',	'2021-11-27 11:04:07.843857+05:30'),
(168,	'Puliyur',	11,	NULL,	NULL,	'2021-11-27 11:04:07.843857+05:30',	'2021-11-27 11:04:07.843857+05:30'),
(169,	'Budhannur',	11,	NULL,	NULL,	'2021-11-27 11:04:07.843857+05:30',	'2021-11-27 11:04:07.843857+05:30'),
(170,	'Pandanad',	11,	NULL,	NULL,	'2021-11-27 11:04:07.843857+05:30',	'2021-11-27 11:04:07.843857+05:30'),
(171,	'Thiruvanvandoor',	11,	NULL,	NULL,	'2021-11-27 11:04:07.843857+05:30',	'2021-11-27 11:04:07.843857+05:30'),
(172,	'Mulakkuzha',	11,	NULL,	NULL,	'2021-11-27 11:04:07.843857+05:30',	'2021-11-27 11:04:07.843857+05:30'),
(173,	'Venmony ',	11,	NULL,	NULL,	'2021-11-27 11:04:07.843857+05:30',	'2021-11-27 11:04:07.843857+05:30'),
(174,	'Karthikapally',	11,	NULL,	NULL,	'2021-11-27 11:04:07.843857+05:30',	'2021-11-27 11:04:07.843857+05:30'),
(175,	'Thrikkunnappuzha',	11,	NULL,	NULL,	'2021-11-27 11:04:07.843857+05:30',	'2021-11-27 11:04:07.843857+05:30'),
(176,	'Kumarapuram',	11,	NULL,	NULL,	'2021-11-27 11:04:07.843857+05:30',	'2021-11-27 11:04:07.843857+05:30'),
(177,	'Karuvatta',	11,	NULL,	NULL,	'2021-11-27 11:04:07.843857+05:30',	'2021-11-27 11:04:07.843857+05:30'),
(178,	'Pallippad',	11,	NULL,	NULL,	'2021-11-27 11:04:07.843857+05:30',	'2021-11-27 11:04:07.843857+05:30'),
(179,	'Cheruthana',	11,	NULL,	NULL,	'2021-11-27 11:04:07.843857+05:30',	'2021-11-27 11:04:07.843857+05:30'),
(180,	'Veeyapuram',	11,	NULL,	NULL,	'2021-11-27 11:04:07.843857+05:30',	'2021-11-27 11:04:07.843857+05:30'),
(181,	'Mavelikkara Thekkekkara',	11,	NULL,	NULL,	'2021-11-27 11:04:07.843857+05:30',	'2021-11-27 11:04:07.843857+05:30'),
(182,	'Chettikulangara',	11,	NULL,	NULL,	'2021-11-27 11:04:07.843857+05:30',	'2021-11-27 11:04:07.843857+05:30'),
(183,	'Chennithala Thripperuthura',	11,	NULL,	NULL,	'2021-11-27 11:04:07.843857+05:30',	'2021-11-27 11:04:07.843857+05:30'),
(184,	'Thazhakkara',	11,	NULL,	NULL,	'2021-11-27 11:04:07.843857+05:30',	'2021-11-27 11:04:07.843857+05:30'),
(185,	'Mannar',	11,	NULL,	NULL,	'2021-11-27 11:04:07.843857+05:30',	'2021-11-27 11:04:07.843857+05:30'),
(186,	'Chunakkara',	11,	NULL,	NULL,	'2021-11-27 11:04:07.843857+05:30',	'2021-11-27 11:04:07.843857+05:30'),
(187,	'Nooranad',	11,	NULL,	NULL,	'2021-11-27 11:04:07.843857+05:30',	'2021-11-27 11:04:07.843857+05:30'),
(188,	'Palamel',	11,	NULL,	NULL,	'2021-11-27 11:04:07.843857+05:30',	'2021-11-27 11:04:07.843857+05:30'),
(189,	'Bharanikkavu',	11,	NULL,	NULL,	'2021-11-27 11:04:07.843857+05:30',	'2021-11-27 11:04:07.843857+05:30'),
(190,	'Mavelikkara ',	11,	NULL,	NULL,	'2021-11-27 11:04:07.843857+05:30',	'2021-11-27 11:04:07.843857+05:30'),
(191,	'Vallikunnam',	11,	NULL,	NULL,	'2021-11-27 11:04:07.843857+05:30',	'2021-11-27 11:04:07.843857+05:30'),
(192,	'Pathiyoor',	11,	NULL,	NULL,	'2021-11-27 11:04:07.843857+05:30',	'2021-11-27 11:04:07.843857+05:30'),
(193,	'Kandalloor',	11,	NULL,	NULL,	'2021-11-27 11:04:07.843857+05:30',	'2021-11-27 11:04:07.843857+05:30'),
(194,	'Cheppad',	11,	NULL,	NULL,	'2021-11-27 11:04:07.843857+05:30',	'2021-11-27 11:04:07.843857+05:30'),
(195,	'Muthukulam',	11,	NULL,	NULL,	'2021-11-27 11:04:07.843857+05:30',	'2021-11-27 11:04:07.843857+05:30'),
(196,	'Aarattupuzha',	11,	NULL,	NULL,	'2021-11-27 11:04:07.843857+05:30',	'2021-11-27 11:04:07.843857+05:30'),
(197,	'Krishnapuram',	11,	NULL,	NULL,	'2021-11-27 11:04:07.843857+05:30',	'2021-11-27 11:04:07.843857+05:30'),
(198,	'Devikulangara',	11,	NULL,	NULL,	'2021-11-27 11:04:07.843857+05:30',	'2021-11-27 11:04:07.843857+05:30'),
(199,	'Chingoli',	11,	NULL,	NULL,	'2021-11-27 11:04:07.843857+05:30',	'2021-11-27 11:04:07.843857+05:30'),
(200,	'Nenmanikkara ',	7,	NULL,	NULL,	'2021-11-27 11:04:07.843857+05:30',	'2021-11-27 11:04:07.843857+05:30'),
(201,	'Mattathur  ',	7,	NULL,	NULL,	'2021-11-27 11:04:07.843857+05:30',	'2021-11-27 11:04:07.843857+05:30'),
(202,	'Kodakara ',	7,	NULL,	NULL,	'2021-11-27 11:04:07.843857+05:30',	'2021-11-27 11:04:07.843857+05:30'),
(203,	'Alagappanagar  ',	7,	NULL,	NULL,	'2021-11-27 11:04:07.843857+05:30',	'2021-11-27 11:04:07.843857+05:30'),
(204,	'Vallachira ',	7,	NULL,	NULL,	'2021-11-27 11:04:07.843857+05:30',	'2021-11-27 11:04:07.843857+05:30'),
(205,	'Paralam  ',	7,	NULL,	NULL,	'2021-11-27 11:04:07.843857+05:30',	'2021-11-27 11:04:07.843857+05:30'),
(206,	'Cherpu  ',	7,	NULL,	NULL,	'2021-11-27 11:04:07.843857+05:30',	'2021-11-27 11:04:07.843857+05:30'),
(207,	'Avinissery ',	7,	NULL,	NULL,	'2021-11-27 11:04:07.843857+05:30',	'2021-11-27 11:04:07.843857+05:30'),
(208,	'Arimbur ',	7,	NULL,	NULL,	'2021-11-27 11:04:07.843857+05:30',	'2021-11-27 11:04:07.843857+05:30'),
(209,	'Manalur ',	7,	NULL,	NULL,	'2021-11-27 11:04:07.843857+05:30',	'2021-11-27 11:04:07.843857+05:30'),
(210,	'Chazhur ',	7,	NULL,	NULL,	'2021-11-27 11:04:07.843857+05:30',	'2021-11-27 11:04:07.843857+05:30'),
(211,	'Thanniam  ',	7,	NULL,	NULL,	'2021-11-27 11:04:07.843857+05:30',	'2021-11-27 11:04:07.843857+05:30'),
(212,	'Anthikkad ',	7,	NULL,	NULL,	'2021-11-27 11:04:07.843857+05:30',	'2021-11-27 11:04:07.843857+05:30'),
(213,	'Eriyad ',	7,	NULL,	NULL,	'2021-11-27 11:04:07.843857+05:30',	'2021-11-27 11:04:07.843857+05:30'),
(214,	'Edavilangu  ',	7,	NULL,	NULL,	'2021-11-27 11:04:07.843857+05:30',	'2021-11-27 11:04:07.843857+05:30'),
(215,	'Sree Narayanapuram  ',	7,	NULL,	NULL,	'2021-11-27 11:04:07.843857+05:30',	'2021-11-27 11:04:07.843857+05:30'),
(216,	'Perinjanam  ',	7,	NULL,	NULL,	'2021-11-27 11:04:07.843857+05:30',	'2021-11-27 11:04:07.843857+05:30'),
(217,	'Mathilakam ',	7,	NULL,	NULL,	'2021-11-27 11:04:07.843857+05:30',	'2021-11-27 11:04:07.843857+05:30'),
(218,	'Kaipamangalam  ',	7,	NULL,	NULL,	'2021-11-27 11:04:07.843857+05:30',	'2021-11-27 11:04:07.843857+05:30'),
(219,	'Edathiruthy ',	7,	NULL,	NULL,	'2021-11-27 11:04:07.843857+05:30',	'2021-11-27 11:04:07.843857+05:30'),
(220,	'Valappad ',	7,	NULL,	NULL,	'2021-11-27 11:04:07.843857+05:30',	'2021-11-27 11:04:07.843857+05:30'),
(221,	'Nattika ',	7,	NULL,	NULL,	'2021-11-27 11:04:07.843857+05:30',	'2021-11-27 11:04:07.843857+05:30'),
(222,	'Thalikulam ',	7,	NULL,	NULL,	'2021-11-27 11:04:07.843857+05:30',	'2021-11-27 11:04:07.843857+05:30'),
(223,	'Vadanappilly ',	7,	NULL,	NULL,	'2021-11-27 11:04:07.843857+05:30',	'2021-11-27 11:04:07.843857+05:30'),
(224,	'Engandiyoor ',	7,	NULL,	NULL,	'2021-11-27 11:04:07.843857+05:30',	'2021-11-27 11:04:07.843857+05:30'),
(225,	'Venkitangu ',	7,	NULL,	NULL,	'2021-11-27 11:04:07.843857+05:30',	'2021-11-27 11:04:07.843857+05:30'),
(226,	'Pavaratty ',	7,	NULL,	NULL,	'2021-11-27 11:04:07.843857+05:30',	'2021-11-27 11:04:07.843857+05:30'),
(227,	'Mullassery  ',	7,	NULL,	NULL,	'2021-11-27 11:04:07.843857+05:30',	'2021-11-27 11:04:07.843857+05:30'),
(228,	'Elavally ',	7,	NULL,	NULL,	'2021-11-27 11:04:07.843857+05:30',	'2021-11-27 11:04:07.843857+05:30'),
(229,	'Kolazhy  ',	7,	NULL,	NULL,	'2021-11-27 11:04:07.843857+05:30',	'2021-11-27 11:04:07.843857+05:30'),
(230,	'Tholur  ',	7,	NULL,	NULL,	'2021-11-27 11:04:07.843857+05:30',	'2021-11-27 11:04:07.843857+05:30'),
(231,	'Mulamkunnathukavu ',	7,	NULL,	NULL,	'2021-11-27 11:04:07.843857+05:30',	'2021-11-27 11:04:07.843857+05:30'),
(232,	'Kaiparambu ',	7,	NULL,	NULL,	'2021-11-27 11:04:07.843857+05:30',	'2021-11-27 11:04:07.843857+05:30'),
(233,	'Avanur  ',	7,	NULL,	NULL,	'2021-11-27 11:04:07.843857+05:30',	'2021-11-27 11:04:07.843857+05:30'),
(234,	'Adat ',	7,	NULL,	NULL,	'2021-11-27 11:04:07.843857+05:30',	'2021-11-27 11:04:07.843857+05:30'),
(235,	'Puthur ',	7,	NULL,	NULL,	'2021-11-27 11:04:07.843857+05:30',	'2021-11-27 11:04:07.843857+05:30'),
(236,	'Pananchery  ',	7,	NULL,	NULL,	'2021-11-27 11:04:07.843857+05:30',	'2021-11-27 11:04:07.843857+05:30'),
(237,	'Nadathara  ',	7,	NULL,	NULL,	'2021-11-27 11:04:07.843857+05:30',	'2021-11-27 11:04:07.843857+05:30'),
(238,	'Madakkathara ',	7,	NULL,	NULL,	'2021-11-27 11:04:07.843857+05:30',	'2021-11-27 11:04:07.843857+05:30'),
(239,	'Thiruvilwamala ',	7,	NULL,	NULL,	'2021-11-27 11:04:07.843857+05:30',	'2021-11-27 11:04:07.843857+05:30'),
(240,	'Pazhayannur',	7,	NULL,	NULL,	'2021-11-27 11:04:07.843857+05:30',	'2021-11-27 11:04:07.843857+05:30'),
(241,	'Panjal',	7,	NULL,	NULL,	'2021-11-27 11:04:07.843857+05:30',	'2021-11-27 11:04:07.843857+05:30'),
(242,	'Kondazhy',	7,	NULL,	NULL,	'2021-11-27 11:04:07.843857+05:30',	'2021-11-27 11:04:07.843857+05:30'),
(243,	'Vallathole Nagar',	7,	NULL,	NULL,	'2021-11-27 11:04:07.843857+05:30',	'2021-11-27 11:04:07.843857+05:30'),
(244,	'Chelakkara',	7,	NULL,	NULL,	'2021-11-27 11:04:07.843857+05:30',	'2021-11-27 11:04:07.843857+05:30'),
(245,	'Varavoor',	7,	NULL,	NULL,	'2021-11-27 11:04:07.843857+05:30',	'2021-11-27 11:04:07.843857+05:30'),
(246,	'Thekkumkara',	7,	NULL,	NULL,	'2021-11-27 11:04:07.843857+05:30',	'2021-11-27 11:04:07.843857+05:30'),
(247,	'Mullurkkara',	7,	NULL,	NULL,	'2021-11-27 11:04:07.843857+05:30',	'2021-11-27 11:04:07.843857+05:30'),
(248,	'Erumapetty',	7,	NULL,	NULL,	'2021-11-27 11:04:07.843857+05:30',	'2021-11-27 11:04:07.843857+05:30'),
(249,	'Desamangalam',	7,	NULL,	NULL,	'2021-11-27 11:04:07.843857+05:30',	'2021-11-27 11:04:07.843857+05:30'),
(250,	'Velur',	7,	NULL,	NULL,	'2021-11-27 11:04:07.843857+05:30',	'2021-11-27 11:04:07.843857+05:30'),
(251,	'Kadangode',	7,	NULL,	NULL,	'2021-11-27 11:04:07.843857+05:30',	'2021-11-27 11:04:07.843857+05:30'),
(252,	'Porkulam',	7,	NULL,	NULL,	'2021-11-27 11:04:07.843857+05:30',	'2021-11-27 11:04:07.843857+05:30'),
(253,	'Kattakampal',	7,	NULL,	NULL,	'2021-11-27 11:04:07.843857+05:30',	'2021-11-27 11:04:07.843857+05:30'),
(254,	'Kandanassery',	7,	NULL,	NULL,	'2021-11-27 11:04:07.843857+05:30',	'2021-11-27 11:04:07.843857+05:30'),
(255,	'Kadavalloor',	7,	NULL,	NULL,	'2021-11-27 11:04:07.843857+05:30',	'2021-11-27 11:04:07.843857+05:30'),
(256,	'Chowannur',	7,	NULL,	NULL,	'2021-11-27 11:04:07.843857+05:30',	'2021-11-27 11:04:07.843857+05:30'),
(257,	'Choondal',	7,	NULL,	NULL,	'2021-11-27 11:04:07.843857+05:30',	'2021-11-27 11:04:07.843857+05:30'),
(258,	'Vadakkekkad ',	7,	NULL,	NULL,	'2021-11-27 11:04:07.843857+05:30',	'2021-11-27 11:04:07.843857+05:30'),
(259,	'Punnayoorkulam',	7,	NULL,	NULL,	'2021-11-27 11:04:07.843857+05:30',	'2021-11-27 11:04:07.843857+05:30'),
(260,	'Punnayoor',	7,	NULL,	NULL,	'2021-11-27 11:04:07.843857+05:30',	'2021-11-27 11:04:07.843857+05:30'),
(261,	'Orumanayoor',	7,	NULL,	NULL,	'2021-11-27 11:04:07.843857+05:30',	'2021-11-27 11:04:07.843857+05:30'),
(262,	'Kadappuram ',	7,	NULL,	NULL,	'2021-11-27 11:04:07.843857+05:30',	'2021-11-27 11:04:07.843857+05:30'),
(263,	'Pudukkad ',	7,	NULL,	NULL,	'2021-11-27 11:04:07.843857+05:30',	'2021-11-27 11:04:07.843857+05:30'),
(264,	'Thrikkur ',	7,	NULL,	NULL,	'2021-11-27 11:04:07.843857+05:30',	'2021-11-27 11:04:07.843857+05:30'),
(265,	'Varantharappilly ',	7,	NULL,	NULL,	'2021-11-27 11:04:07.843857+05:30',	'2021-11-27 11:04:07.843857+05:30'),
(266,	'Karalam ',	7,	NULL,	NULL,	'2021-11-27 11:04:07.843857+05:30',	'2021-11-27 11:04:07.843857+05:30'),
(267,	'Kattoor ',	7,	NULL,	NULL,	'2021-11-27 11:04:07.843857+05:30',	'2021-11-27 11:04:07.843857+05:30'),
(268,	'Muriyad ',	7,	NULL,	NULL,	'2021-11-27 11:04:07.843857+05:30',	'2021-11-27 11:04:07.843857+05:30'),
(269,	'Parappookkara  ',	7,	NULL,	NULL,	'2021-11-27 11:04:07.843857+05:30',	'2021-11-27 11:04:07.843857+05:30'),
(270,	'Padiyoor ',	7,	NULL,	NULL,	'2021-11-27 11:04:07.843857+05:30',	'2021-11-27 11:04:07.843857+05:30'),
(271,	'Poomangalam ',	7,	NULL,	NULL,	'2021-11-27 11:04:07.843857+05:30',	'2021-11-27 11:04:07.843857+05:30'),
(272,	'Puthenchira ',	7,	NULL,	NULL,	'2021-11-27 11:04:07.843857+05:30',	'2021-11-27 11:04:07.843857+05:30'),
(273,	'Vellangalur ',	7,	NULL,	NULL,	'2021-11-27 11:04:07.843857+05:30',	'2021-11-27 11:04:07.843857+05:30'),
(274,	'Velookkara ',	7,	NULL,	NULL,	'2021-11-27 11:04:07.843857+05:30',	'2021-11-27 11:04:07.843857+05:30'),
(275,	'Aloor  ',	7,	NULL,	NULL,	'2021-11-27 11:04:07.843857+05:30',	'2021-11-27 11:04:07.843857+05:30'),
(276,	'Annamanada ',	7,	NULL,	NULL,	'2021-11-27 11:04:07.843857+05:30',	'2021-11-27 11:04:07.843857+05:30'),
(277,	'Kuzhur ',	7,	NULL,	NULL,	'2021-11-27 11:04:07.843857+05:30',	'2021-11-27 11:04:07.843857+05:30'),
(278,	'Mala ',	7,	NULL,	NULL,	'2021-11-27 11:04:07.843857+05:30',	'2021-11-27 11:04:07.843857+05:30'),
(279,	'Poyya ',	7,	NULL,	NULL,	'2021-11-27 11:04:07.843857+05:30',	'2021-11-27 11:04:07.843857+05:30'),
(280,	'Kadukutty ',	7,	NULL,	NULL,	'2021-11-27 11:04:07.843857+05:30',	'2021-11-27 11:04:07.843857+05:30'),
(281,	'Kodassery ',	7,	NULL,	NULL,	'2021-11-27 11:04:07.843857+05:30',	'2021-11-27 11:04:07.843857+05:30'),
(282,	'Koratty ',	7,	NULL,	NULL,	'2021-11-27 11:04:07.843857+05:30',	'2021-11-27 11:04:07.843857+05:30'),
(283,	'Meloor  ',	7,	NULL,	NULL,	'2021-11-27 11:04:07.843857+05:30',	'2021-11-27 11:04:07.843857+05:30'),
(284,	'Pariyaram ',	7,	NULL,	NULL,	'2021-11-27 11:04:07.843857+05:30',	'2021-11-27 11:04:07.843857+05:30'),
(285,	'Athirappilly ',	7,	NULL,	NULL,	'2021-11-27 11:04:07.843857+05:30',	'2021-11-27 11:04:07.843857+05:30'),
(286,	'Anikkadu',	12,	NULL,	NULL,	'2021-11-27 11:04:07.843857+05:30',	'2021-11-27 11:04:07.843857+05:30'),
(287,	'Kaviyoor',	12,	NULL,	NULL,	'2021-11-27 11:04:07.843857+05:30',	'2021-11-27 11:04:07.843857+05:30'),
(288,	'Kottanad',	12,	NULL,	NULL,	'2021-11-27 11:04:07.843857+05:30',	'2021-11-27 11:04:07.843857+05:30'),
(289,	'Kallooppara',	12,	NULL,	NULL,	'2021-11-27 11:04:07.843857+05:30',	'2021-11-27 11:04:07.843857+05:30'),
(290,	'Kottangal',	12,	NULL,	NULL,	'2021-11-27 11:04:07.843857+05:30',	'2021-11-27 11:04:07.843857+05:30'),
(291,	'Kunnanthanam',	12,	NULL,	NULL,	'2021-11-27 11:04:07.843857+05:30',	'2021-11-27 11:04:07.843857+05:30'),
(292,	'Mallappally',	12,	NULL,	NULL,	'2021-11-27 11:04:07.843857+05:30',	'2021-11-27 11:04:07.843857+05:30'),
(293,	'Kadapra',	12,	NULL,	NULL,	'2021-11-27 11:04:07.843857+05:30',	'2021-11-27 11:04:07.843857+05:30'),
(294,	'Kuttoor',	12,	NULL,	NULL,	'2021-11-27 11:04:07.843857+05:30',	'2021-11-27 11:04:07.843857+05:30'),
(295,	'Niranam',	12,	NULL,	NULL,	'2021-11-27 11:04:07.843857+05:30',	'2021-11-27 11:04:07.843857+05:30'),
(296,	'Nedumpram',	12,	NULL,	NULL,	'2021-11-27 11:04:07.843857+05:30',	'2021-11-27 11:04:07.843857+05:30'),
(297,	'Peringara',	12,	NULL,	NULL,	'2021-11-27 11:04:07.843857+05:30',	'2021-11-27 11:04:07.843857+05:30'),
(298,	'Ayiroor',	12,	NULL,	NULL,	'2021-11-27 11:04:07.843857+05:30',	'2021-11-27 11:04:07.843857+05:30'),
(299,	'Eraviperoor',	12,	NULL,	NULL,	'2021-11-27 11:04:07.843857+05:30',	'2021-11-27 11:04:07.843857+05:30'),
(300,	'Koipram',	12,	NULL,	NULL,	'2021-11-27 11:04:07.843857+05:30',	'2021-11-27 11:04:07.843857+05:30'),
(301,	'Thottappuzhassery',	12,	NULL,	NULL,	'2021-11-27 11:04:07.843857+05:30',	'2021-11-27 11:04:07.843857+05:30'),
(302,	'Ezhumattoor',	12,	NULL,	NULL,	'2021-11-27 11:04:07.843857+05:30',	'2021-11-27 11:04:07.843857+05:30'),
(303,	'Puramattam',	12,	NULL,	NULL,	'2021-11-27 11:04:07.843857+05:30',	'2021-11-27 11:04:07.843857+05:30'),
(304,	'Omalloor',	12,	NULL,	NULL,	'2021-11-27 11:04:07.843857+05:30',	'2021-11-27 11:04:07.843857+05:30'),
(305,	'Chenneerkara',	12,	NULL,	NULL,	'2021-11-27 11:04:07.843857+05:30',	'2021-11-27 11:04:07.843857+05:30'),
(306,	'Elanthoor',	12,	NULL,	NULL,	'2021-11-27 11:04:07.843857+05:30',	'2021-11-27 11:04:07.843857+05:30'),
(307,	'Cherukol',	12,	NULL,	NULL,	'2021-11-27 11:04:07.843857+05:30',	'2021-11-27 11:04:07.843857+05:30'),
(308,	'Kozhanchery',	12,	NULL,	NULL,	'2021-11-27 11:04:07.843857+05:30',	'2021-11-27 11:04:07.843857+05:30'),
(309,	'Mallappuzhassery',	12,	NULL,	NULL,	'2021-11-27 11:04:07.843857+05:30',	'2021-11-27 11:04:07.843857+05:30'),
(310,	'Naranganam',	12,	NULL,	NULL,	'2021-11-27 11:04:07.843857+05:30',	'2021-11-27 11:04:07.843857+05:30'),
(311,	'Ranni Pazhavangady',	12,	NULL,	NULL,	'2021-11-27 11:04:07.843857+05:30',	'2021-11-27 11:04:07.843857+05:30'),
(312,	'Ranni ',	12,	NULL,	NULL,	'2021-11-27 11:04:07.843857+05:30',	'2021-11-27 11:04:07.843857+05:30'),
(313,	'Ranny Angady',	12,	NULL,	NULL,	'2021-11-27 11:04:07.843857+05:30',	'2021-11-27 11:04:07.843857+05:30'),
(314,	'Ranny Perunadu',	12,	NULL,	NULL,	'2021-11-27 11:04:07.843857+05:30',	'2021-11-27 11:04:07.843857+05:30'),
(315,	'Vadasserikkara',	12,	NULL,	NULL,	'2021-11-27 11:04:07.843857+05:30',	'2021-11-27 11:04:07.843857+05:30'),
(316,	'Chittar',	12,	NULL,	NULL,	'2021-11-27 11:04:07.843857+05:30',	'2021-11-27 11:04:07.843857+05:30'),
(317,	'Seethathodu',	12,	NULL,	NULL,	'2021-11-27 11:04:07.843857+05:30',	'2021-11-27 11:04:07.843857+05:30'),
(318,	'Naranammoozhy',	12,	NULL,	NULL,	'2021-11-27 11:04:07.843857+05:30',	'2021-11-27 11:04:07.843857+05:30'),
(319,	'Vechoochira',	12,	NULL,	NULL,	'2021-11-27 11:04:07.843857+05:30',	'2021-11-27 11:04:07.843857+05:30'),
(320,	'Konni',	12,	NULL,	NULL,	'2021-11-27 11:04:07.843857+05:30',	'2021-11-27 11:04:07.843857+05:30'),
(321,	'Aruvappulam',	12,	NULL,	NULL,	'2021-11-27 11:04:07.843857+05:30',	'2021-11-27 11:04:07.843857+05:30'),
(322,	'Pramadam',	12,	NULL,	NULL,	'2021-11-27 11:04:07.843857+05:30',	'2021-11-27 11:04:07.843857+05:30'),
(323,	'Mylapra',	12,	NULL,	NULL,	'2021-11-27 11:04:07.843857+05:30',	'2021-11-27 11:04:07.843857+05:30'),
(324,	'Vallikkodu',	12,	NULL,	NULL,	'2021-11-27 11:04:07.843857+05:30',	'2021-11-27 11:04:07.843857+05:30'),
(325,	'Thannithodu',	12,	NULL,	NULL,	'2021-11-27 11:04:07.843857+05:30',	'2021-11-27 11:04:07.843857+05:30'),
(326,	'Malayalapuzha',	12,	NULL,	NULL,	'2021-11-27 11:04:07.843857+05:30',	'2021-11-27 11:04:07.843857+05:30'),
(327,	'Panthalam',	12,	NULL,	NULL,	'2021-11-27 11:04:07.843857+05:30',	'2021-11-27 11:04:07.843857+05:30'),
(328,	'Thumpamon',	12,	NULL,	NULL,	'2021-11-27 11:04:07.843857+05:30',	'2021-11-27 11:04:07.843857+05:30'),
(329,	'Kulanada',	12,	NULL,	NULL,	'2021-11-27 11:04:07.843857+05:30',	'2021-11-27 11:04:07.843857+05:30'),
(330,	'Aranmula',	12,	NULL,	NULL,	'2021-11-27 11:04:07.843857+05:30',	'2021-11-27 11:04:07.843857+05:30'),
(331,	'Mezhuvely',	12,	NULL,	NULL,	'2021-11-27 11:04:07.843857+05:30',	'2021-11-27 11:04:07.843857+05:30'),
(332,	'Enadimangalam',	12,	NULL,	NULL,	'2021-11-27 11:04:07.843857+05:30',	'2021-11-27 11:04:07.843857+05:30'),
(333,	'Earathu',	12,	NULL,	NULL,	'2021-11-27 11:04:07.843857+05:30',	'2021-11-27 11:04:07.843857+05:30'),
(334,	'Ezhamkulam',	12,	NULL,	NULL,	'2021-11-27 11:04:07.843857+05:30',	'2021-11-27 11:04:07.843857+05:30'),
(335,	'Kadambanad',	12,	NULL,	NULL,	'2021-11-27 11:04:07.843857+05:30',	'2021-11-27 11:04:07.843857+05:30'),
(336,	'Kalanjoor',	12,	NULL,	NULL,	'2021-11-27 11:04:07.843857+05:30',	'2021-11-27 11:04:07.843857+05:30'),
(337,	'Kodumon',	12,	NULL,	NULL,	'2021-11-27 11:04:07.843857+05:30',	'2021-11-27 11:04:07.843857+05:30'),
(338,	'Pallickal',	12,	NULL,	NULL,	'2021-11-27 11:04:07.843857+05:30',	'2021-11-27 11:04:07.843857+05:30'),
(339,	'Kumbadaje',	1,	NULL,	NULL,	'2021-11-27 11:04:07.843857+05:30',	'2021-11-27 11:04:07.843857+05:30'),
(340,	'Bellur',	1,	NULL,	NULL,	'2021-11-27 11:04:07.843857+05:30',	'2021-11-27 11:04:07.843857+05:30'),
(341,	'Karadka',	1,	NULL,	NULL,	'2021-11-27 11:04:07.843857+05:30',	'2021-11-27 11:04:07.843857+05:30'),
(342,	'Muliyar',	1,	NULL,	NULL,	'2021-11-27 11:04:07.843857+05:30',	'2021-11-27 11:04:07.843857+05:30'),
(343,	'Delampady',	1,	NULL,	NULL,	'2021-11-27 11:04:07.843857+05:30',	'2021-11-27 11:04:07.843857+05:30'),
(344,	'Bedadka',	1,	NULL,	NULL,	'2021-11-27 11:04:07.843857+05:30',	'2021-11-27 11:04:07.843857+05:30'),
(345,	'Kuttikkol',	1,	NULL,	NULL,	'2021-11-27 11:04:07.843857+05:30',	'2021-11-27 11:04:07.843857+05:30'),
(346,	'Manjeshwar',	1,	NULL,	NULL,	'2021-11-27 11:04:07.843857+05:30',	'2021-11-27 11:04:07.843857+05:30'),
(347,	'Vorkady',	1,	NULL,	NULL,	'2021-11-27 11:04:07.843857+05:30',	'2021-11-27 11:04:07.843857+05:30'),
(348,	'Meenja',	1,	NULL,	NULL,	'2021-11-27 11:04:07.843857+05:30',	'2021-11-27 11:04:07.843857+05:30'),
(349,	'Mangalpady',	1,	NULL,	NULL,	'2021-11-27 11:04:07.843857+05:30',	'2021-11-27 11:04:07.843857+05:30'),
(350,	'Paivalike',	1,	NULL,	NULL,	'2021-11-27 11:04:07.843857+05:30',	'2021-11-27 11:04:07.843857+05:30'),
(351,	'Puthige',	1,	NULL,	NULL,	'2021-11-27 11:04:07.843857+05:30',	'2021-11-27 11:04:07.843857+05:30'),
(352,	'Enmakaje',	1,	NULL,	NULL,	'2021-11-27 11:04:07.843857+05:30',	'2021-11-27 11:04:07.843857+05:30'),
(353,	'Kumbla',	1,	NULL,	NULL,	'2021-11-27 11:04:07.843857+05:30',	'2021-11-27 11:04:07.843857+05:30'),
(354,	'Badiadka',	1,	NULL,	NULL,	'2021-11-27 11:04:07.843857+05:30',	'2021-11-27 11:04:07.843857+05:30'),
(355,	'Mogralputhur',	1,	NULL,	NULL,	'2021-11-27 11:04:07.843857+05:30',	'2021-11-27 11:04:07.843857+05:30'),
(356,	'Madhur',	1,	NULL,	NULL,	'2021-11-27 11:04:07.843857+05:30',	'2021-11-27 11:04:07.843857+05:30'),
(357,	'Chemnad',	1,	NULL,	NULL,	'2021-11-27 11:04:07.843857+05:30',	'2021-11-27 11:04:07.843857+05:30'),
(358,	'Chengala',	1,	NULL,	NULL,	'2021-11-27 11:04:07.843857+05:30',	'2021-11-27 11:04:07.843857+05:30'),
(359,	'Udma',	1,	NULL,	NULL,	'2021-11-27 11:04:07.843857+05:30',	'2021-11-27 11:04:07.843857+05:30'),
(360,	'Pallikkara',	1,	NULL,	NULL,	'2021-11-27 11:04:07.843857+05:30',	'2021-11-27 11:04:07.843857+05:30'),
(361,	'Ajanur',	1,	NULL,	NULL,	'2021-11-27 11:04:07.843857+05:30',	'2021-11-27 11:04:07.843857+05:30'),
(362,	'Pullur',	1,	NULL,	NULL,	'2021-11-27 11:04:07.843857+05:30',	'2021-11-27 11:04:07.843857+05:30'),
(363,	'Madikai',	1,	NULL,	NULL,	'2021-11-27 11:04:07.843857+05:30',	'2021-11-27 11:04:07.843857+05:30'),
(364,	'Kodom ',	1,	NULL,	NULL,	'2021-11-27 11:04:07.843857+05:30',	'2021-11-27 11:04:07.843857+05:30'),
(365,	'Kallar',	1,	NULL,	NULL,	'2021-11-27 11:04:07.843857+05:30',	'2021-11-27 11:04:07.843857+05:30'),
(366,	'Panathady',	1,	NULL,	NULL,	'2021-11-27 11:04:07.843857+05:30',	'2021-11-27 11:04:07.843857+05:30'),
(367,	'Balal',	1,	NULL,	NULL,	'2021-11-27 11:04:07.843857+05:30',	'2021-11-27 11:04:07.843857+05:30'),
(368,	'Kinanoor ',	1,	NULL,	NULL,	'2021-11-27 11:04:07.843857+05:30',	'2021-11-27 11:04:07.843857+05:30'),
(369,	'West Eleri',	1,	NULL,	NULL,	'2021-11-27 11:04:07.843857+05:30',	'2021-11-27 11:04:07.843857+05:30'),
(370,	'East Eleri',	1,	NULL,	NULL,	'2021-11-27 11:04:07.843857+05:30',	'2021-11-27 11:04:07.843857+05:30'),
(371,	'Kayyur ',	1,	NULL,	NULL,	'2021-11-27 11:04:07.843857+05:30',	'2021-11-27 11:04:07.843857+05:30'),
(372,	'Cheruvathur',	1,	NULL,	NULL,	'2021-11-27 11:04:07.843857+05:30',	'2021-11-27 11:04:07.843857+05:30'),
(373,	'Valiyaparamba',	1,	NULL,	NULL,	'2021-11-27 11:04:07.843857+05:30',	'2021-11-27 11:04:07.843857+05:30'),
(374,	'Padne',	1,	NULL,	NULL,	'2021-11-27 11:04:07.843857+05:30',	'2021-11-27 11:04:07.843857+05:30'),
(375,	'Pilicode',	1,	NULL,	NULL,	'2021-11-27 11:04:07.843857+05:30',	'2021-11-27 11:04:07.843857+05:30'),
(376,	'Trikaripur',	1,	NULL,	NULL,	'2021-11-27 11:04:07.843857+05:30',	'2021-11-27 11:04:07.843857+05:30'),
(377,	'Chendamangalam',	8,	NULL,	NULL,	'2021-11-27 11:04:07.843857+05:30',	'2021-11-27 11:04:07.843857+05:30'),
(378,	'Kottuvally',	8,	NULL,	NULL,	'2021-11-27 11:04:07.843857+05:30',	'2021-11-27 11:04:07.843857+05:30'),
(379,	'Ezhikkara',	8,	NULL,	NULL,	'2021-11-27 11:04:07.843857+05:30',	'2021-11-27 11:04:07.843857+05:30'),
(380,	'Vadakkekara',	8,	NULL,	NULL,	'2021-11-27 11:04:07.843857+05:30',	'2021-11-27 11:04:07.843857+05:30'),
(381,	'Chittattukara',	8,	NULL,	NULL,	'2021-11-27 11:04:07.843857+05:30',	'2021-11-27 11:04:07.843857+05:30'),
(382,	'Karumalloor',	8,	NULL,	NULL,	'2021-11-27 11:04:07.843857+05:30',	'2021-11-27 11:04:07.843857+05:30'),
(383,	'Varapuzha',	8,	NULL,	NULL,	'2021-11-27 11:04:07.843857+05:30',	'2021-11-27 11:04:07.843857+05:30'),
(384,	'Alangad',	8,	NULL,	NULL,	'2021-11-27 11:04:07.843857+05:30',	'2021-11-27 11:04:07.843857+05:30'),
(385,	'Kadungalloor',	8,	NULL,	NULL,	'2021-11-27 11:04:07.843857+05:30',	'2021-11-27 11:04:07.843857+05:30'),
(386,	'Mookkanoor',	8,	NULL,	NULL,	'2021-11-27 11:04:07.843857+05:30',	'2021-11-27 11:04:07.843857+05:30'),
(387,	'Thuravoor',	8,	NULL,	NULL,	'2021-11-27 11:04:07.843857+05:30',	'2021-11-27 11:04:07.843857+05:30'),
(388,	'Manjapra',	8,	NULL,	NULL,	'2021-11-27 11:04:07.843857+05:30',	'2021-11-27 11:04:07.843857+05:30'),
(389,	'Karukutty',	8,	NULL,	NULL,	'2021-11-27 11:04:07.843857+05:30',	'2021-11-27 11:04:07.843857+05:30'),
(390,	'Ayyampuzha',	8,	NULL,	NULL,	'2021-11-27 11:04:07.843857+05:30',	'2021-11-27 11:04:07.843857+05:30'),
(391,	'Kanjoor',	8,	NULL,	NULL,	'2021-11-27 11:04:07.843857+05:30',	'2021-11-27 11:04:07.843857+05:30'),
(392,	'Kalady',	8,	NULL,	NULL,	'2021-11-27 11:04:07.843857+05:30',	'2021-11-27 11:04:07.843857+05:30'),
(393,	'Malayattoor',	8,	NULL,	NULL,	'2021-11-27 11:04:07.843857+05:30',	'2021-11-27 11:04:07.843857+05:30'),
(394,	'Asamannur',	8,	NULL,	NULL,	'2021-11-27 11:04:07.843857+05:30',	'2021-11-27 11:04:07.843857+05:30'),
(395,	'Mudakkuzha',	8,	NULL,	NULL,	'2021-11-27 11:04:07.843857+05:30',	'2021-11-27 11:04:07.843857+05:30'),
(396,	'Vengoor',	8,	NULL,	NULL,	'2021-11-27 11:04:07.843857+05:30',	'2021-11-27 11:04:07.843857+05:30'),
(397,	'Rayamangalam',	8,	NULL,	NULL,	'2021-11-27 11:04:07.843857+05:30',	'2021-11-27 11:04:07.843857+05:30'),
(398,	'Koovappady',	8,	NULL,	NULL,	'2021-11-27 11:04:07.843857+05:30',	'2021-11-27 11:04:07.843857+05:30'),
(399,	'Okkal',	8,	NULL,	NULL,	'2021-11-27 11:04:07.843857+05:30',	'2021-11-27 11:04:07.843857+05:30'),
(400,	'Vengola',	8,	NULL,	NULL,	'2021-11-27 11:04:07.843857+05:30',	'2021-11-27 11:04:07.843857+05:30'),
(401,	'Vazhakkulam',	8,	NULL,	NULL,	'2021-11-27 11:04:07.843857+05:30',	'2021-11-27 11:04:07.843857+05:30'),
(402,	'Kizhakkambalam',	8,	NULL,	NULL,	'2021-11-27 11:04:07.843857+05:30',	'2021-11-27 11:04:07.843857+05:30'),
(403,	'Choornikkara',	8,	NULL,	NULL,	'2021-11-27 11:04:07.843857+05:30',	'2021-11-27 11:04:07.843857+05:30'),
(404,	'Edathala',	8,	NULL,	NULL,	'2021-11-27 11:04:07.843857+05:30',	'2021-11-27 11:04:07.843857+05:30'),
(405,	'Keezhmadu',	8,	NULL,	NULL,	'2021-11-27 11:04:07.843857+05:30',	'2021-11-27 11:04:07.843857+05:30'),
(406,	'Kadamakkudy',	8,	NULL,	NULL,	'2021-11-27 11:04:07.843857+05:30',	'2021-11-27 11:04:07.843857+05:30'),
(407,	'Cheranallur',	8,	NULL,	NULL,	'2021-11-27 11:04:07.843857+05:30',	'2021-11-27 11:04:07.843857+05:30'),
(408,	'Mulavukadu',	8,	NULL,	NULL,	'2021-11-27 11:04:07.843857+05:30',	'2021-11-27 11:04:07.843857+05:30'),
(409,	'Elamkunnapuzha',	8,	NULL,	NULL,	'2021-11-27 11:04:07.843857+05:30',	'2021-11-27 11:04:07.843857+05:30'),
(410,	'Njarakkal',	8,	NULL,	NULL,	'2021-11-27 11:04:07.843857+05:30',	'2021-11-27 11:04:07.843857+05:30'),
(411,	'Nayarambalam',	8,	NULL,	NULL,	'2021-11-27 11:04:07.843857+05:30',	'2021-11-27 11:04:07.843857+05:30'),
(412,	'Edavanakad',	8,	NULL,	NULL,	'2021-11-27 11:04:07.843857+05:30',	'2021-11-27 11:04:07.843857+05:30'),
(413,	'Pallippuram',	8,	NULL,	NULL,	'2021-11-27 11:04:07.843857+05:30',	'2021-11-27 11:04:07.843857+05:30'),
(414,	'Kuzhuppilly',	8,	NULL,	NULL,	'2021-11-27 11:04:07.843857+05:30',	'2021-11-27 11:04:07.843857+05:30'),
(415,	'Chellanam',	8,	NULL,	NULL,	'2021-11-27 11:04:07.843857+05:30',	'2021-11-27 11:04:07.843857+05:30'),
(416,	'Kumbalanghy',	8,	NULL,	NULL,	'2021-11-27 11:04:07.843857+05:30',	'2021-11-27 11:04:07.843857+05:30'),
(417,	'Kumbalam',	8,	NULL,	NULL,	'2021-11-27 11:04:07.843857+05:30',	'2021-11-27 11:04:07.843857+05:30'),
(418,	'Udayamperoor',	8,	NULL,	NULL,	'2021-11-27 11:04:07.843857+05:30',	'2021-11-27 11:04:07.843857+05:30'),
(419,	'Mulamthuruthy',	8,	NULL,	NULL,	'2021-11-27 11:04:07.843857+05:30',	'2021-11-27 11:04:07.843857+05:30'),
(420,	'Chottanikara',	8,	NULL,	NULL,	'2021-11-27 11:04:07.843857+05:30',	'2021-11-27 11:04:07.843857+05:30'),
(421,	'Edakkattuvayal',	8,	NULL,	NULL,	'2021-11-27 11:04:07.843857+05:30',	'2021-11-27 11:04:07.843857+05:30'),
(422,	'Amballur',	8,	NULL,	NULL,	'2021-11-27 11:04:07.843857+05:30',	'2021-11-27 11:04:07.843857+05:30'),
(423,	'Maneedu',	8,	NULL,	NULL,	'2021-11-27 11:04:07.843857+05:30',	'2021-11-27 11:04:07.843857+05:30'),
(424,	'Poothrikka',	8,	NULL,	NULL,	'2021-11-27 11:04:07.843857+05:30',	'2021-11-27 11:04:07.843857+05:30'),
(425,	'Thiruvaniyoor',	8,	NULL,	NULL,	'2021-11-27 11:04:07.843857+05:30',	'2021-11-27 11:04:07.843857+05:30'),
(426,	'Vadavucode',	8,	NULL,	NULL,	'2021-11-27 11:04:07.843857+05:30',	'2021-11-27 11:04:07.843857+05:30'),
(427,	'Mazhuvannur',	8,	NULL,	NULL,	'2021-11-27 11:04:07.843857+05:30',	'2021-11-27 11:04:07.843857+05:30'),
(428,	'Aikkaranadu',	8,	NULL,	NULL,	'2021-11-27 11:04:07.843857+05:30',	'2021-11-27 11:04:07.843857+05:30'),
(429,	'Kunnathunad',	8,	NULL,	NULL,	'2021-11-27 11:04:07.843857+05:30',	'2021-11-27 11:04:07.843857+05:30'),
(430,	'Paingottoor',	8,	NULL,	NULL,	'2021-11-27 11:04:07.843857+05:30',	'2021-11-27 11:04:07.843857+05:30'),
(431,	'Nellikuzhy',	8,	NULL,	NULL,	'2021-11-27 11:04:07.843857+05:30',	'2021-11-27 11:04:07.843857+05:30'),
(432,	'Pindimana',	8,	NULL,	NULL,	'2021-11-27 11:04:07.843857+05:30',	'2021-11-27 11:04:07.843857+05:30'),
(433,	'Kavalangad',	8,	NULL,	NULL,	'2021-11-27 11:04:07.843857+05:30',	'2021-11-27 11:04:07.843857+05:30'),
(434,	'Varapetty',	8,	NULL,	NULL,	'2021-11-27 11:04:07.843857+05:30',	'2021-11-27 11:04:07.843857+05:30'),
(435,	'Keerampara',	8,	NULL,	NULL,	'2021-11-27 11:04:07.843857+05:30',	'2021-11-27 11:04:07.843857+05:30'),
(436,	'Pothanikkad',	8,	NULL,	NULL,	'2021-11-27 11:04:07.843857+05:30',	'2021-11-27 11:04:07.843857+05:30'),
(437,	'Pallarimangalam',	8,	NULL,	NULL,	'2021-11-27 11:04:07.843857+05:30',	'2021-11-27 11:04:07.843857+05:30'),
(438,	'Kuttampuzha',	8,	NULL,	NULL,	'2021-11-27 11:04:07.843857+05:30',	'2021-11-27 11:04:07.843857+05:30'),
(439,	'Kottapady',	8,	NULL,	NULL,	'2021-11-27 11:04:07.843857+05:30',	'2021-11-27 11:04:07.843857+05:30'),
(440,	'Elanji',	8,	NULL,	NULL,	'2021-11-27 11:04:07.843857+05:30',	'2021-11-27 11:04:07.843857+05:30'),
(441,	'Thirumaradi',	8,	NULL,	NULL,	'2021-11-27 11:04:07.843857+05:30',	'2021-11-27 11:04:07.843857+05:30'),
(442,	'Palakuzha',	8,	NULL,	NULL,	'2021-11-27 11:04:07.843857+05:30',	'2021-11-27 11:04:07.843857+05:30'),
(443,	'Pampakuda',	8,	NULL,	NULL,	'2021-11-27 11:04:07.843857+05:30',	'2021-11-27 11:04:07.843857+05:30'),
(444,	'Ramamangalam',	8,	NULL,	NULL,	'2021-11-27 11:04:07.843857+05:30',	'2021-11-27 11:04:07.843857+05:30'),
(445,	'Chengamanadu',	8,	NULL,	NULL,	'2021-11-27 11:04:07.843857+05:30',	'2021-11-27 11:04:07.843857+05:30'),
(446,	'Nedumbassery',	8,	NULL,	NULL,	'2021-11-27 11:04:07.843857+05:30',	'2021-11-27 11:04:07.843857+05:30'),
(447,	'Parakkadavu',	8,	NULL,	NULL,	'2021-11-27 11:04:07.843857+05:30',	'2021-11-27 11:04:07.843857+05:30'),
(448,	'Kunnukara',	8,	NULL,	NULL,	'2021-11-27 11:04:07.843857+05:30',	'2021-11-27 11:04:07.843857+05:30'),
(449,	'Sreemoolanagaram',	8,	NULL,	NULL,	'2021-11-27 11:04:07.843857+05:30',	'2021-11-27 11:04:07.843857+05:30'),
(450,	'Puthenvelikara',	8,	NULL,	NULL,	'2021-11-27 11:04:07.843857+05:30',	'2021-11-27 11:04:07.843857+05:30'),
(451,	'Avoly',	8,	NULL,	NULL,	'2021-11-27 11:04:07.843857+05:30',	'2021-11-27 11:04:07.843857+05:30'),
(452,	'Arakkuzha',	8,	NULL,	NULL,	'2021-11-27 11:04:07.843857+05:30',	'2021-11-27 11:04:07.843857+05:30'),
(453,	'Paipra',	8,	NULL,	NULL,	'2021-11-27 11:04:07.843857+05:30',	'2021-11-27 11:04:07.843857+05:30'),
(454,	'Kalloorkad',	8,	NULL,	NULL,	'2021-11-27 11:04:07.843857+05:30',	'2021-11-27 11:04:07.843857+05:30'),
(455,	'Ayavana',	8,	NULL,	NULL,	'2021-11-27 11:04:07.843857+05:30',	'2021-11-27 11:04:07.843857+05:30'),
(456,	'Manjallur',	8,	NULL,	NULL,	'2021-11-27 11:04:07.843857+05:30',	'2021-11-27 11:04:07.843857+05:30'),
(457,	'Marady',	8,	NULL,	NULL,	'2021-11-27 11:04:07.843857+05:30',	'2021-11-27 11:04:07.843857+05:30'),
(458,	'Valakom',	8,	NULL,	NULL,	'2021-11-27 11:04:07.843857+05:30',	'2021-11-27 11:04:07.843857+05:30'),
(459,	'Azhiyur',	4,	NULL,	NULL,	'2021-11-27 11:04:07.843857+05:30',	'2021-11-27 11:04:07.843857+05:30'),
(460,	'Chorode',	4,	NULL,	NULL,	'2021-11-27 11:04:07.843857+05:30',	'2021-11-27 11:04:07.843857+05:30'),
(461,	'Eramala',	4,	NULL,	NULL,	'2021-11-27 11:04:07.843857+05:30',	'2021-11-27 11:04:07.843857+05:30'),
(462,	'Onchiyam',	4,	NULL,	NULL,	'2021-11-27 11:04:07.843857+05:30',	'2021-11-27 11:04:07.843857+05:30'),
(463,	'Chekkiad',	4,	NULL,	NULL,	'2021-11-27 11:04:07.843857+05:30',	'2021-11-27 11:04:07.843857+05:30'),
(464,	'Purameri',	4,	NULL,	NULL,	'2021-11-27 11:04:07.843857+05:30',	'2021-11-27 11:04:07.843857+05:30'),
(465,	'Thuneri',	4,	NULL,	NULL,	'2021-11-27 11:04:07.843857+05:30',	'2021-11-27 11:04:07.843857+05:30'),
(466,	'Valayam',	4,	NULL,	NULL,	'2021-11-27 11:04:07.843857+05:30',	'2021-11-27 11:04:07.843857+05:30'),
(467,	'Vanimel',	4,	NULL,	NULL,	'2021-11-27 11:04:07.843857+05:30',	'2021-11-27 11:04:07.843857+05:30'),
(468,	'Edacheri',	4,	NULL,	NULL,	'2021-11-27 11:04:07.843857+05:30',	'2021-11-27 11:04:07.843857+05:30'),
(469,	'Nadapuram',	4,	NULL,	NULL,	'2021-11-27 11:04:07.843857+05:30',	'2021-11-27 11:04:07.843857+05:30'),
(470,	'Kunnummal',	4,	NULL,	NULL,	'2021-11-27 11:04:07.843857+05:30',	'2021-11-27 11:04:07.843857+05:30'),
(471,	'Velom',	4,	NULL,	NULL,	'2021-11-27 11:04:07.843857+05:30',	'2021-11-27 11:04:07.843857+05:30'),
(472,	'Kayakkodi',	4,	NULL,	NULL,	'2021-11-27 11:04:07.843857+05:30',	'2021-11-27 11:04:07.843857+05:30'),
(473,	'Kavilumpara',	4,	NULL,	NULL,	'2021-11-27 11:04:07.843857+05:30',	'2021-11-27 11:04:07.843857+05:30'),
(474,	'Kuttiady',	4,	NULL,	NULL,	'2021-11-27 11:04:07.843857+05:30',	'2021-11-27 11:04:07.843857+05:30'),
(475,	'Maruthonkara',	4,	NULL,	NULL,	'2021-11-27 11:04:07.843857+05:30',	'2021-11-27 11:04:07.843857+05:30'),
(476,	'Naripatta',	4,	NULL,	NULL,	'2021-11-27 11:04:07.843857+05:30',	'2021-11-27 11:04:07.843857+05:30'),
(477,	'Ayancheri',	4,	NULL,	NULL,	'2021-11-27 11:04:07.843857+05:30',	'2021-11-27 11:04:07.843857+05:30'),
(478,	'Villiappally',	4,	NULL,	NULL,	'2021-11-27 11:04:07.843857+05:30',	'2021-11-27 11:04:07.843857+05:30'),
(479,	'Maniyur',	4,	NULL,	NULL,	'2021-11-27 11:04:07.843857+05:30',	'2021-11-27 11:04:07.843857+05:30'),
(480,	'Thiruvallur',	4,	NULL,	NULL,	'2021-11-27 11:04:07.843857+05:30',	'2021-11-27 11:04:07.843857+05:30'),
(481,	'Thurayur',	4,	NULL,	NULL,	'2021-11-27 11:04:07.843857+05:30',	'2021-11-27 11:04:07.843857+05:30'),
(482,	'Keezhariyur',	4,	NULL,	NULL,	'2021-11-27 11:04:07.843857+05:30',	'2021-11-27 11:04:07.843857+05:30'),
(483,	'Thikkodi',	4,	NULL,	NULL,	'2021-11-27 11:04:07.843857+05:30',	'2021-11-27 11:04:07.843857+05:30'),
(484,	'Meppayur',	4,	NULL,	NULL,	'2021-11-27 11:04:07.843857+05:30',	'2021-11-27 11:04:07.843857+05:30'),
(485,	'Cheruvannur',	4,	NULL,	NULL,	'2021-11-27 11:04:07.843857+05:30',	'2021-11-27 11:04:07.843857+05:30'),
(486,	'Nochad',	4,	NULL,	NULL,	'2021-11-27 11:04:07.843857+05:30',	'2021-11-27 11:04:07.843857+05:30'),
(487,	'Changaroth',	4,	NULL,	NULL,	'2021-11-27 11:04:07.843857+05:30',	'2021-11-27 11:04:07.843857+05:30'),
(488,	'Kayanna',	4,	NULL,	NULL,	'2021-11-27 11:04:07.843857+05:30',	'2021-11-27 11:04:07.843857+05:30'),
(489,	'Koothali',	4,	NULL,	NULL,	'2021-11-27 11:04:07.843857+05:30',	'2021-11-27 11:04:07.843857+05:30'),
(490,	'Perambra',	4,	NULL,	NULL,	'2021-11-27 11:04:07.843857+05:30',	'2021-11-27 11:04:07.843857+05:30'),
(491,	'Chakkittappara',	4,	NULL,	NULL,	'2021-11-27 11:04:07.843857+05:30',	'2021-11-27 11:04:07.843857+05:30'),
(492,	'Balussery',	4,	NULL,	NULL,	'2021-11-27 11:04:07.843857+05:30',	'2021-11-27 11:04:07.843857+05:30'),
(493,	'Naduvannur',	4,	NULL,	NULL,	'2021-11-27 11:04:07.843857+05:30',	'2021-11-27 11:04:07.843857+05:30'),
(494,	'Kottur',	4,	NULL,	NULL,	'2021-11-27 11:04:07.843857+05:30',	'2021-11-27 11:04:07.843857+05:30'),
(495,	'Ulliyeri',	4,	NULL,	NULL,	'2021-11-27 11:04:07.843857+05:30',	'2021-11-27 11:04:07.843857+05:30'),
(496,	'Unnikulam',	4,	NULL,	NULL,	'2021-11-27 11:04:07.843857+05:30',	'2021-11-27 11:04:07.843857+05:30'),
(497,	'Panangad',	4,	NULL,	NULL,	'2021-11-27 11:04:07.843857+05:30',	'2021-11-27 11:04:07.843857+05:30'),
(498,	'Koorachundu',	4,	NULL,	NULL,	'2021-11-27 11:04:07.843857+05:30',	'2021-11-27 11:04:07.843857+05:30'),
(499,	'Chemanchery',	4,	NULL,	NULL,	'2021-11-27 11:04:07.843857+05:30',	'2021-11-27 11:04:07.843857+05:30'),
(500,	'Arikkulam',	4,	NULL,	NULL,	'2021-11-27 11:04:07.843857+05:30',	'2021-11-27 11:04:07.843857+05:30'),
(501,	'Moodadi',	4,	NULL,	NULL,	'2021-11-27 11:04:07.843857+05:30',	'2021-11-27 11:04:07.843857+05:30'),
(502,	'Chengottukave',	4,	NULL,	NULL,	'2021-11-27 11:04:07.843857+05:30',	'2021-11-27 11:04:07.843857+05:30'),
(503,	'Atholi',	4,	NULL,	NULL,	'2021-11-27 11:04:07.843857+05:30',	'2021-11-27 11:04:07.843857+05:30'),
(504,	'Kakkodi',	4,	NULL,	NULL,	'2021-11-27 11:04:07.843857+05:30',	'2021-11-27 11:04:07.843857+05:30'),
(505,	'Chelannur',	4,	NULL,	NULL,	'2021-11-27 11:04:07.843857+05:30',	'2021-11-27 11:04:07.843857+05:30'),
(506,	'Kakkur',	4,	NULL,	NULL,	'2021-11-27 11:04:07.843857+05:30',	'2021-11-27 11:04:07.843857+05:30'),
(507,	'Nanmanda',	4,	NULL,	NULL,	'2021-11-27 11:04:07.843857+05:30',	'2021-11-27 11:04:07.843857+05:30'),
(508,	'Narikkuni',	4,	NULL,	NULL,	'2021-11-27 11:04:07.843857+05:30',	'2021-11-27 11:04:07.843857+05:30'),
(509,	'Thalakkulathur',	4,	NULL,	NULL,	'2021-11-27 11:04:07.843857+05:30',	'2021-11-27 11:04:07.843857+05:30'),
(510,	'Thiruvambady',	4,	NULL,	NULL,	'2021-11-27 11:04:07.843857+05:30',	'2021-11-27 11:04:07.843857+05:30'),
(511,	'Koodaranhi',	4,	NULL,	NULL,	'2021-11-27 11:04:07.843857+05:30',	'2021-11-27 11:04:07.843857+05:30'),
(512,	'Kizhakkoth',	4,	NULL,	NULL,	'2021-11-27 11:04:07.843857+05:30',	'2021-11-27 11:04:07.843857+05:30'),
(513,	'Madavoor',	4,	NULL,	NULL,	'2021-11-27 11:04:07.843857+05:30',	'2021-11-27 11:04:07.843857+05:30'),
(514,	'Puthuppadi',	4,	NULL,	NULL,	'2021-11-27 11:04:07.843857+05:30',	'2021-11-27 11:04:07.843857+05:30'),
(515,	'Thamarassery',	4,	NULL,	NULL,	'2021-11-27 11:04:07.843857+05:30',	'2021-11-27 11:04:07.843857+05:30'),
(516,	'Omasery',	4,	NULL,	NULL,	'2021-11-27 11:04:07.843857+05:30',	'2021-11-27 11:04:07.843857+05:30'),
(517,	'Kattippara',	4,	NULL,	NULL,	'2021-11-27 11:04:07.843857+05:30',	'2021-11-27 11:04:07.843857+05:30'),
(518,	'Kodenchery',	4,	NULL,	NULL,	'2021-11-27 11:04:07.843857+05:30',	'2021-11-27 11:04:07.843857+05:30'),
(519,	'Kodiyathur',	4,	NULL,	NULL,	'2021-11-27 11:04:07.843857+05:30',	'2021-11-27 11:04:07.843857+05:30'),
(520,	'Kuruvattur',	4,	NULL,	NULL,	'2021-11-27 11:04:07.843857+05:30',	'2021-11-27 11:04:07.843857+05:30'),
(521,	'Mavoor',	4,	NULL,	NULL,	'2021-11-27 11:04:07.843857+05:30',	'2021-11-27 11:04:07.843857+05:30'),
(522,	'Karasseri',	4,	NULL,	NULL,	'2021-11-27 11:04:07.843857+05:30',	'2021-11-27 11:04:07.843857+05:30'),
(523,	'Kunnamangalam',	4,	NULL,	NULL,	'2021-11-27 11:04:07.843857+05:30',	'2021-11-27 11:04:07.843857+05:30'),
(524,	'Chathamangalam',	4,	NULL,	NULL,	'2021-11-27 11:04:07.843857+05:30',	'2021-11-27 11:04:07.843857+05:30'),
(525,	'Peruvayal',	4,	NULL,	NULL,	'2021-11-27 11:04:07.843857+05:30',	'2021-11-27 11:04:07.843857+05:30'),
(526,	'Perumanna',	4,	NULL,	NULL,	'2021-11-27 11:04:07.843857+05:30',	'2021-11-27 11:04:07.843857+05:30'),
(527,	'KADALUNDI',	4,	NULL,	NULL,	'2021-11-27 11:04:07.843857+05:30',	'2021-11-27 11:04:07.843857+05:30'),
(528,	'Olavanna',	4,	NULL,	NULL,	'2021-11-27 11:04:07.843857+05:30',	'2021-11-27 11:04:07.843857+05:30'),
(529,	'Adimali',	9,	NULL,	NULL,	'2021-11-27 11:04:07.843857+05:30',	'2021-11-27 11:04:07.843857+05:30'),
(530,	'Konnathady',	9,	NULL,	NULL,	'2021-11-27 11:04:07.843857+05:30',	'2021-11-27 11:04:07.843857+05:30'),
(531,	'Baisonvalley',	9,	NULL,	NULL,	'2021-11-27 11:04:07.843857+05:30',	'2021-11-27 11:04:07.843857+05:30'),
(532,	'Vellathooval',	9,	NULL,	NULL,	'2021-11-27 11:04:07.843857+05:30',	'2021-11-27 11:04:07.843857+05:30'),
(533,	'Pallivasal',	9,	NULL,	NULL,	'2021-11-27 11:04:07.843857+05:30',	'2021-11-27 11:04:07.843857+05:30'),
(534,	'Marayoor',	9,	NULL,	NULL,	'2021-11-27 11:04:07.843857+05:30',	'2021-11-27 11:04:07.843857+05:30'),
(535,	'Munnar',	9,	NULL,	NULL,	'2021-11-27 11:04:07.843857+05:30',	'2021-11-27 11:04:07.843857+05:30'),
(536,	'Kanthalloor',	9,	NULL,	NULL,	'2021-11-27 11:04:07.843857+05:30',	'2021-11-27 11:04:07.843857+05:30'),
(537,	'Vattavada',	9,	NULL,	NULL,	'2021-11-27 11:04:07.843857+05:30',	'2021-11-27 11:04:07.843857+05:30'),
(538,	'Santhanpara',	9,	NULL,	NULL,	'2021-11-27 11:04:07.843857+05:30',	'2021-11-27 11:04:07.843857+05:30'),
(539,	'Chinnakanal',	9,	NULL,	NULL,	'2021-11-27 11:04:07.843857+05:30',	'2021-11-27 11:04:07.843857+05:30'),
(540,	'Mankulam',	9,	NULL,	NULL,	'2021-11-27 11:04:07.843857+05:30',	'2021-11-27 11:04:07.843857+05:30'),
(541,	'Devikulam',	9,	NULL,	NULL,	'2021-11-27 11:04:07.843857+05:30',	'2021-11-27 11:04:07.843857+05:30'),
(542,	'Edamalakudy',	9,	NULL,	NULL,	'2021-11-27 11:04:07.843857+05:30',	'2021-11-27 11:04:07.843857+05:30'),
(543,	'Pampadumpara',	9,	NULL,	NULL,	'2021-11-27 11:04:07.843857+05:30',	'2021-11-27 11:04:07.843857+05:30'),
(544,	'Senapathy',	9,	NULL,	NULL,	'2021-11-27 11:04:07.843857+05:30',	'2021-11-27 11:04:07.843857+05:30'),
(545,	'Karunapuram',	9,	NULL,	NULL,	'2021-11-27 11:04:07.843857+05:30',	'2021-11-27 11:04:07.843857+05:30'),
(546,	'Rajakkad',	9,	NULL,	NULL,	'2021-11-27 11:04:07.843857+05:30',	'2021-11-27 11:04:07.843857+05:30'),
(547,	'Nedumkandom',	9,	NULL,	NULL,	'2021-11-27 11:04:07.843857+05:30',	'2021-11-27 11:04:07.843857+05:30'),
(548,	'Udumbanchola',	9,	NULL,	NULL,	'2021-11-27 11:04:07.843857+05:30',	'2021-11-27 11:04:07.843857+05:30'),
(549,	'Rajakumary',	9,	NULL,	NULL,	'2021-11-27 11:04:07.843857+05:30',	'2021-11-27 11:04:07.843857+05:30'),
(550,	'Vannappuram',	9,	NULL,	NULL,	'2021-11-27 11:04:07.843857+05:30',	'2021-11-27 11:04:07.843857+05:30'),
(551,	'Udumbannoor',	9,	NULL,	NULL,	'2021-11-27 11:04:07.843857+05:30',	'2021-11-27 11:04:07.843857+05:30'),
(552,	'Kodikulam',	9,	NULL,	NULL,	'2021-11-27 11:04:07.843857+05:30',	'2021-11-27 11:04:07.843857+05:30'),
(553,	'Alakode',	9,	NULL,	NULL,	'2021-11-27 11:04:07.843857+05:30',	'2021-11-27 11:04:07.843857+05:30'),
(554,	'Velliyamattom',	9,	NULL,	NULL,	'2021-11-27 11:04:07.843857+05:30',	'2021-11-27 11:04:07.843857+05:30'),
(555,	'Karimannoor',	9,	NULL,	NULL,	'2021-11-27 11:04:07.843857+05:30',	'2021-11-27 11:04:07.843857+05:30'),
(556,	'Kudayathoor',	9,	NULL,	NULL,	'2021-11-27 11:04:07.843857+05:30',	'2021-11-27 11:04:07.843857+05:30'),
(557,	'Idukki',	9,	NULL,	NULL,	'2021-11-27 11:04:07.843857+05:30',	'2021-11-27 11:04:07.843857+05:30'),
(558,	'Vathikudy',	9,	NULL,	NULL,	'2021-11-27 11:04:07.843857+05:30',	'2021-11-27 11:04:07.843857+05:30'),
(559,	'Arakulam',	9,	NULL,	NULL,	'2021-11-27 11:04:07.843857+05:30',	'2021-11-27 11:04:07.843857+05:30'),
(560,	'Kamakshy',	9,	NULL,	NULL,	'2021-11-27 11:04:07.843857+05:30',	'2021-11-27 11:04:07.843857+05:30'),
(561,	'Vazhathope',	9,	NULL,	NULL,	'2021-11-27 11:04:07.843857+05:30',	'2021-11-27 11:04:07.843857+05:30'),
(562,	'Mariyapuram',	9,	NULL,	NULL,	'2021-11-27 11:04:07.843857+05:30',	'2021-11-27 11:04:07.843857+05:30'),
(563,	'Upputhara',	9,	NULL,	NULL,	'2021-11-27 11:04:07.843857+05:30',	'2021-11-27 11:04:07.843857+05:30'),
(564,	'Vandanmedu',	9,	NULL,	NULL,	'2021-11-27 11:04:07.843857+05:30',	'2021-11-27 11:04:07.843857+05:30'),
(565,	'Kanchiyar',	9,	NULL,	NULL,	'2021-11-27 11:04:07.843857+05:30',	'2021-11-27 11:04:07.843857+05:30'),
(566,	'Erattayar',	9,	NULL,	NULL,	'2021-11-27 11:04:07.843857+05:30',	'2021-11-27 11:04:07.843857+05:30'),
(567,	'Ayyappancoil',	9,	NULL,	NULL,	'2021-11-27 11:04:07.843857+05:30',	'2021-11-27 11:04:07.843857+05:30'),
(568,	'Chakkupallam',	9,	NULL,	NULL,	'2021-11-27 11:04:07.843857+05:30',	'2021-11-27 11:04:07.843857+05:30'),
(569,	'Kumaramangalam',	9,	NULL,	NULL,	'2021-11-27 11:04:07.843857+05:30',	'2021-11-27 11:04:07.843857+05:30'),
(570,	'Muttom',	9,	NULL,	NULL,	'2021-11-27 11:04:07.843857+05:30',	'2021-11-27 11:04:07.843857+05:30'),
(571,	'Edavetty',	9,	NULL,	NULL,	'2021-11-27 11:04:07.843857+05:30',	'2021-11-27 11:04:07.843857+05:30'),
(572,	'Karimkunnam',	9,	NULL,	NULL,	'2021-11-27 11:04:07.843857+05:30',	'2021-11-27 11:04:07.843857+05:30'),
(573,	'Manakkad',	9,	NULL,	NULL,	'2021-11-27 11:04:07.843857+05:30',	'2021-11-27 11:04:07.843857+05:30'),
(574,	'Purapuzha',	9,	NULL,	NULL,	'2021-11-27 11:04:07.843857+05:30',	'2021-11-27 11:04:07.843857+05:30'),
(575,	'Peruvanthanam',	9,	NULL,	NULL,	'2021-11-27 11:04:07.843857+05:30',	'2021-11-27 11:04:07.843857+05:30'),
(576,	'Kumily',	9,	NULL,	NULL,	'2021-11-27 11:04:07.843857+05:30',	'2021-11-27 11:04:07.843857+05:30'),
(577,	'Kokkayar',	9,	NULL,	NULL,	'2021-11-27 11:04:07.843857+05:30',	'2021-11-27 11:04:07.843857+05:30'),
(578,	'Peermade',	9,	NULL,	NULL,	'2021-11-27 11:04:07.843857+05:30',	'2021-11-27 11:04:07.843857+05:30'),
(579,	'Elappara',	9,	NULL,	NULL,	'2021-11-27 11:04:07.843857+05:30',	'2021-11-27 11:04:07.843857+05:30'),
(580,	'Vandiperiyar',	9,	NULL,	NULL,	'2021-11-27 11:04:07.843857+05:30',	'2021-11-27 11:04:07.843857+05:30'),
(581,	'Oachira',	13,	NULL,	NULL,	'2021-11-27 11:04:07.843857+05:30',	'2021-11-27 11:04:07.843857+05:30'),
(582,	'Kulasekharapuram',	13,	NULL,	NULL,	'2021-11-27 11:04:07.843857+05:30',	'2021-11-27 11:04:07.843857+05:30'),
(583,	'Thazhava',	13,	NULL,	NULL,	'2021-11-27 11:04:07.843857+05:30',	'2021-11-27 11:04:07.843857+05:30'),
(584,	'Clappana',	13,	NULL,	NULL,	'2021-11-27 11:04:07.843857+05:30',	'2021-11-27 11:04:07.843857+05:30'),
(585,	'Alappad',	13,	NULL,	NULL,	'2021-11-27 11:04:07.843857+05:30',	'2021-11-27 11:04:07.843857+05:30'),
(586,	'Thodiyoor',	13,	NULL,	NULL,	'2021-11-27 11:04:07.843857+05:30',	'2021-11-27 11:04:07.843857+05:30'),
(587,	'Sasthamcotta',	13,	NULL,	NULL,	'2021-11-27 11:04:07.843857+05:30',	'2021-11-27 11:04:07.843857+05:30'),
(588,	'West Kallada',	13,	NULL,	NULL,	'2021-11-27 11:04:07.843857+05:30',	'2021-11-27 11:04:07.843857+05:30'),
(589,	'Sooranad South',	13,	NULL,	NULL,	'2021-11-27 11:04:07.843857+05:30',	'2021-11-27 11:04:07.843857+05:30'),
(590,	'Poruvazhi',	13,	NULL,	NULL,	'2021-11-27 11:04:07.843857+05:30',	'2021-11-27 11:04:07.843857+05:30'),
(591,	'Kunnathur',	13,	NULL,	NULL,	'2021-11-27 11:04:07.843857+05:30',	'2021-11-27 11:04:07.843857+05:30'),
(592,	'Sooranad North',	13,	NULL,	NULL,	'2021-11-27 11:04:07.843857+05:30',	'2021-11-27 11:04:07.843857+05:30'),
(593,	'Mynagappally',	13,	NULL,	NULL,	'2021-11-27 11:04:07.843857+05:30',	'2021-11-27 11:04:07.843857+05:30'),
(594,	'Ummannoor',	13,	NULL,	NULL,	'2021-11-27 11:04:07.843857+05:30',	'2021-11-27 11:04:07.843857+05:30'),
(595,	'Vettikavala',	13,	NULL,	NULL,	'2021-11-27 11:04:07.843857+05:30',	'2021-11-27 11:04:07.843857+05:30'),
(596,	'Melila',	13,	NULL,	NULL,	'2021-11-27 11:04:07.843857+05:30',	'2021-11-27 11:04:07.843857+05:30'),
(597,	'Mylom',	13,	NULL,	NULL,	'2021-11-27 11:04:07.843857+05:30',	'2021-11-27 11:04:07.843857+05:30'),
(598,	'Kulakkada',	13,	NULL,	NULL,	'2021-11-27 11:04:07.843857+05:30',	'2021-11-27 11:04:07.843857+05:30'),
(599,	'Pavithreswaram',	13,	NULL,	NULL,	'2021-11-27 11:04:07.843857+05:30',	'2021-11-27 11:04:07.843857+05:30'),
(600,	'Vilakkudy',	13,	NULL,	NULL,	'2021-11-27 11:04:07.843857+05:30',	'2021-11-27 11:04:07.843857+05:30'),
(601,	'Thalavoor',	13,	NULL,	NULL,	'2021-11-27 11:04:07.843857+05:30',	'2021-11-27 11:04:07.843857+05:30'),
(602,	'Piravanthur',	13,	NULL,	NULL,	'2021-11-27 11:04:07.843857+05:30',	'2021-11-27 11:04:07.843857+05:30'),
(603,	'Pattazhi Vadakkekara',	13,	NULL,	NULL,	'2021-11-27 11:04:07.843857+05:30',	'2021-11-27 11:04:07.843857+05:30'),
(604,	'Pattazhi',	13,	NULL,	NULL,	'2021-11-27 11:04:07.843857+05:30',	'2021-11-27 11:04:07.843857+05:30'),
(605,	'Pathanapuram',	13,	NULL,	NULL,	'2021-11-27 11:04:07.843857+05:30',	'2021-11-27 11:04:07.843857+05:30'),
(606,	'Kulathupuzha',	13,	NULL,	NULL,	'2021-11-27 11:04:07.843857+05:30',	'2021-11-27 11:04:07.843857+05:30'),
(607,	'Yeroor',	13,	NULL,	NULL,	'2021-11-27 11:04:07.843857+05:30',	'2021-11-27 11:04:07.843857+05:30'),
(608,	'Alayaman',	13,	NULL,	NULL,	'2021-11-27 11:04:07.843857+05:30',	'2021-11-27 11:04:07.843857+05:30'),
(609,	'Anchal',	13,	NULL,	NULL,	'2021-11-27 11:04:07.843857+05:30',	'2021-11-27 11:04:07.843857+05:30'),
(610,	'Edamulakkal',	13,	NULL,	NULL,	'2021-11-27 11:04:07.843857+05:30',	'2021-11-27 11:04:07.843857+05:30'),
(611,	'Karavaloor',	13,	NULL,	NULL,	'2021-11-27 11:04:07.843857+05:30',	'2021-11-27 11:04:07.843857+05:30'),
(612,	'Thenmala',	13,	NULL,	NULL,	'2021-11-27 11:04:07.843857+05:30',	'2021-11-27 11:04:07.843857+05:30'),
(613,	'Aryankavu',	13,	NULL,	NULL,	'2021-11-27 11:04:07.843857+05:30',	'2021-11-27 11:04:07.843857+05:30'),
(614,	'Veliyam',	13,	NULL,	NULL,	'2021-11-27 11:04:07.843857+05:30',	'2021-11-27 11:04:07.843857+05:30'),
(615,	'Pooyappally',	13,	NULL,	NULL,	'2021-11-27 11:04:07.843857+05:30',	'2021-11-27 11:04:07.843857+05:30'),
(616,	'Kareepra',	13,	NULL,	NULL,	'2021-11-27 11:04:07.843857+05:30',	'2021-11-27 11:04:07.843857+05:30'),
(617,	'Ezhukone',	13,	NULL,	NULL,	'2021-11-27 11:04:07.843857+05:30',	'2021-11-27 11:04:07.843857+05:30'),
(618,	'Neduvathur',	13,	NULL,	NULL,	'2021-11-27 11:04:07.843857+05:30',	'2021-11-27 11:04:07.843857+05:30'),
(619,	'Thrikkaruva',	13,	NULL,	NULL,	'2021-11-27 11:04:07.843857+05:30',	'2021-11-27 11:04:07.843857+05:30'),
(620,	'Panayam',	13,	NULL,	NULL,	'2021-11-27 11:04:07.843857+05:30',	'2021-11-27 11:04:07.843857+05:30'),
(621,	'Perinad',	13,	NULL,	NULL,	'2021-11-27 11:04:07.843857+05:30',	'2021-11-27 11:04:07.843857+05:30'),
(622,	'Kundara',	13,	NULL,	NULL,	'2021-11-27 11:04:07.843857+05:30',	'2021-11-27 11:04:07.843857+05:30'),
(623,	'Perayam',	13,	NULL,	NULL,	'2021-11-27 11:04:07.843857+05:30',	'2021-11-27 11:04:07.843857+05:30'),
(624,	'East Kallada',	13,	NULL,	NULL,	'2021-11-27 11:04:07.843857+05:30',	'2021-11-27 11:04:07.843857+05:30'),
(625,	'Mandrothuruthu ',	13,	NULL,	NULL,	'2021-11-27 11:04:07.843857+05:30',	'2021-11-27 11:04:07.843857+05:30'),
(626,	'Thekkumbhagam',	13,	NULL,	NULL,	'2021-11-27 11:04:07.843857+05:30',	'2021-11-27 11:04:07.843857+05:30'),
(627,	'Chavara',	13,	NULL,	NULL,	'2021-11-27 11:04:07.843857+05:30',	'2021-11-27 11:04:07.843857+05:30'),
(628,	'Thevalakkara',	13,	NULL,	NULL,	'2021-11-27 11:04:07.843857+05:30',	'2021-11-27 11:04:07.843857+05:30'),
(629,	'Panmana',	13,	NULL,	NULL,	'2021-11-27 11:04:07.843857+05:30',	'2021-11-27 11:04:07.843857+05:30'),
(630,	'Neendakara',	13,	NULL,	NULL,	'2021-11-27 11:04:07.843857+05:30',	'2021-11-27 11:04:07.843857+05:30'),
(631,	'Mayyanad',	13,	NULL,	NULL,	'2021-11-27 11:04:07.843857+05:30',	'2021-11-27 11:04:07.843857+05:30'),
(632,	'Elampalloor',	13,	NULL,	NULL,	'2021-11-27 11:04:07.843857+05:30',	'2021-11-27 11:04:07.843857+05:30'),
(633,	'Thrikkovilvattom',	13,	NULL,	NULL,	'2021-11-27 11:04:07.843857+05:30',	'2021-11-27 11:04:07.843857+05:30'),
(634,	'Kottamkara',	13,	NULL,	NULL,	'2021-11-27 11:04:07.843857+05:30',	'2021-11-27 11:04:07.843857+05:30'),
(635,	'Nedumpana',	13,	NULL,	NULL,	'2021-11-27 11:04:07.843857+05:30',	'2021-11-27 11:04:07.843857+05:30'),
(636,	'Chithara',	13,	NULL,	NULL,	'2021-11-27 11:04:07.843857+05:30',	'2021-11-27 11:04:07.843857+05:30'),
(637,	'Kadakkal',	13,	NULL,	NULL,	'2021-11-27 11:04:07.843857+05:30',	'2021-11-27 11:04:07.843857+05:30'),
(638,	'Chadayamangalam',	13,	NULL,	NULL,	'2021-11-27 11:04:07.843857+05:30',	'2021-11-27 11:04:07.843857+05:30'),
(639,	'Ittiva',	13,	NULL,	NULL,	'2021-11-27 11:04:07.843857+05:30',	'2021-11-27 11:04:07.843857+05:30'),
(640,	'Velinalloor',	13,	NULL,	NULL,	'2021-11-27 11:04:07.843857+05:30',	'2021-11-27 11:04:07.843857+05:30'),
(641,	'Elamadu',	13,	NULL,	NULL,	'2021-11-27 11:04:07.843857+05:30',	'2021-11-27 11:04:07.843857+05:30'),
(642,	'Nilamel',	13,	NULL,	NULL,	'2021-11-27 11:04:07.843857+05:30',	'2021-11-27 11:04:07.843857+05:30'),
(643,	'Kummil',	13,	NULL,	NULL,	'2021-11-27 11:04:07.843857+05:30',	'2021-11-27 11:04:07.843857+05:30'),
(644,	'Poothakkulam',	13,	NULL,	NULL,	'2021-11-27 11:04:07.843857+05:30',	'2021-11-27 11:04:07.843857+05:30'),
(645,	'Kalluvathukkal',	13,	NULL,	NULL,	'2021-11-27 11:04:07.843857+05:30',	'2021-11-27 11:04:07.843857+05:30'),
(646,	'Chathannur',	13,	NULL,	NULL,	'2021-11-27 11:04:07.843857+05:30',	'2021-11-27 11:04:07.843857+05:30'),
(647,	'Adichanalloor',	13,	NULL,	NULL,	'2021-11-27 11:04:07.843857+05:30',	'2021-11-27 11:04:07.843857+05:30'),
(648,	'Chirakkara',	13,	NULL,	NULL,	'2021-11-27 11:04:07.843857+05:30',	'2021-11-27 11:04:07.843857+05:30'),
(649,	'Cheruthazham',	2,	NULL,	NULL,	'2021-11-27 11:04:07.843857+05:30',	'2021-11-27 11:04:07.843857+05:30'),
(650,	'Madayi',	2,	NULL,	NULL,	'2021-11-27 11:04:07.843857+05:30',	'2021-11-27 11:04:07.843857+05:30'),
(651,	'Ezhome',	2,	NULL,	NULL,	'2021-11-27 11:04:07.843857+05:30',	'2021-11-27 11:04:07.843857+05:30'),
(652,	'Cherukunnu',	2,	NULL,	NULL,	'2021-11-27 11:04:07.843857+05:30',	'2021-11-27 11:04:07.843857+05:30'),
(653,	'Mattool',	2,	NULL,	NULL,	'2021-11-27 11:04:07.843857+05:30',	'2021-11-27 11:04:07.843857+05:30'),
(654,	'Kannapuram',	2,	NULL,	NULL,	'2021-11-27 11:04:07.843857+05:30',	'2021-11-27 11:04:07.843857+05:30'),
(655,	'Kalliassery',	2,	NULL,	NULL,	'2021-11-27 11:04:07.843857+05:30',	'2021-11-27 11:04:07.843857+05:30'),
(656,	'Narath',	2,	NULL,	NULL,	'2021-11-27 11:04:07.843857+05:30',	'2021-11-27 11:04:07.843857+05:30'),
(657,	'Cherupuzha',	2,	NULL,	NULL,	'2021-11-27 11:04:07.843857+05:30',	'2021-11-27 11:04:07.843857+05:30'),
(658,	'Peringome Vayakkara',	2,	NULL,	NULL,	'2021-11-27 11:04:07.843857+05:30',	'2021-11-27 11:04:07.843857+05:30'),
(659,	'Eramam',	2,	NULL,	NULL,	'2021-11-27 11:04:07.843857+05:30',	'2021-11-27 11:04:07.843857+05:30'),
(660,	'Kankole',	2,	NULL,	NULL,	'2021-11-27 11:04:07.843857+05:30',	'2021-11-27 11:04:07.843857+05:30'),
(661,	'Karivellur',	2,	NULL,	NULL,	'2021-11-27 11:04:07.843857+05:30',	'2021-11-27 11:04:07.843857+05:30'),
(662,	'Kunhimangalam',	2,	NULL,	NULL,	'2021-11-27 11:04:07.843857+05:30',	'2021-11-27 11:04:07.843857+05:30'),
(663,	'Ramanthali',	2,	NULL,	NULL,	'2021-11-27 11:04:07.843857+05:30',	'2021-11-27 11:04:07.843857+05:30'),
(664,	'Udayagiri',	2,	NULL,	NULL,	'2021-11-27 11:04:07.843857+05:30',	'2021-11-27 11:04:07.843857+05:30'),
(665,	'Alakode',	2,	NULL,	NULL,	'2021-11-27 11:04:07.843857+05:30',	'2021-11-27 11:04:07.843857+05:30'),
(666,	'Naduvil',	2,	NULL,	NULL,	'2021-11-27 11:04:07.843857+05:30',	'2021-11-27 11:04:07.843857+05:30'),
(667,	'Chapparapadavu',	2,	NULL,	NULL,	'2021-11-27 11:04:07.843857+05:30',	'2021-11-27 11:04:07.843857+05:30'),
(668,	'Chengalayi',	2,	NULL,	NULL,	'2021-11-27 11:04:07.843857+05:30',	'2021-11-27 11:04:07.843857+05:30'),
(669,	'Kurumathoor',	2,	NULL,	NULL,	'2021-11-27 11:04:07.843857+05:30',	'2021-11-27 11:04:07.843857+05:30'),
(670,	'Pariyaram',	2,	NULL,	NULL,	'2021-11-27 11:04:07.843857+05:30',	'2021-11-27 11:04:07.843857+05:30'),
(671,	'Pattuvam',	2,	NULL,	NULL,	'2021-11-27 11:04:07.843857+05:30',	'2021-11-27 11:04:07.843857+05:30'),
(672,	'Kadannappalli',	2,	NULL,	NULL,	'2021-11-27 11:04:07.843857+05:30',	'2021-11-27 11:04:07.843857+05:30'),
(673,	'Irikkur',	2,	NULL,	NULL,	'2021-11-27 11:04:07.843857+05:30',	'2021-11-27 11:04:07.843857+05:30'),
(674,	'Eruvessy',	2,	NULL,	NULL,	'2021-11-27 11:04:07.843857+05:30',	'2021-11-27 11:04:07.843857+05:30'),
(675,	'Malappattam',	2,	NULL,	NULL,	'2021-11-27 11:04:07.843857+05:30',	'2021-11-27 11:04:07.843857+05:30'),
(676,	'Payyavoor',	2,	NULL,	NULL,	'2021-11-27 11:04:07.843857+05:30',	'2021-11-27 11:04:07.843857+05:30'),
(677,	'Mayyil',	2,	NULL,	NULL,	'2021-11-27 11:04:07.843857+05:30',	'2021-11-27 11:04:07.843857+05:30'),
(678,	'Padiyoor Kalliad',	2,	NULL,	NULL,	'2021-11-27 11:04:07.843857+05:30',	'2021-11-27 11:04:07.843857+05:30'),
(679,	'Ulikkal',	2,	NULL,	NULL,	'2021-11-27 11:04:07.843857+05:30',	'2021-11-27 11:04:07.843857+05:30'),
(680,	'Kuttiattoor',	2,	NULL,	NULL,	'2021-11-27 11:04:07.843857+05:30',	'2021-11-27 11:04:07.843857+05:30'),
(681,	'Chirakkal',	2,	NULL,	NULL,	'2021-11-27 11:04:07.843857+05:30',	'2021-11-27 11:04:07.843857+05:30'),
(682,	'Valapattanam',	2,	NULL,	NULL,	'2021-11-27 11:04:07.843857+05:30',	'2021-11-27 11:04:07.843857+05:30'),
(683,	'Azheekode',	2,	NULL,	NULL,	'2021-11-27 11:04:07.843857+05:30',	'2021-11-27 11:04:07.843857+05:30'),
(684,	'Pappinissery',	2,	NULL,	NULL,	'2021-11-27 11:04:07.843857+05:30',	'2021-11-27 11:04:07.843857+05:30'),
(685,	'Kolachery',	2,	NULL,	NULL,	'2021-11-27 11:04:07.843857+05:30',	'2021-11-27 11:04:07.843857+05:30'),
(686,	'Munderi',	2,	NULL,	NULL,	'2021-11-27 11:04:07.843857+05:30',	'2021-11-27 11:04:07.843857+05:30'),
(687,	'Chembilode',	2,	NULL,	NULL,	'2021-11-27 11:04:07.843857+05:30',	'2021-11-27 11:04:07.843857+05:30'),
(688,	'Kadambur',	2,	NULL,	NULL,	'2021-11-27 11:04:07.843857+05:30',	'2021-11-27 11:04:07.843857+05:30'),
(689,	'Peralassery',	2,	NULL,	NULL,	'2021-11-27 11:04:07.843857+05:30',	'2021-11-27 11:04:07.843857+05:30'),
(690,	'Muzhappilangad',	2,	NULL,	NULL,	'2021-11-27 11:04:07.843857+05:30',	'2021-11-27 11:04:07.843857+05:30'),
(691,	'Vengad',	2,	NULL,	NULL,	'2021-11-27 11:04:07.843857+05:30',	'2021-11-27 11:04:07.843857+05:30'),
(692,	'Dharmadam',	2,	NULL,	NULL,	'2021-11-27 11:04:07.843857+05:30',	'2021-11-27 11:04:07.843857+05:30'),
(693,	'Eranholi',	2,	NULL,	NULL,	'2021-11-27 11:04:07.843857+05:30',	'2021-11-27 11:04:07.843857+05:30'),
(694,	'Pinarayi',	2,	NULL,	NULL,	'2021-11-27 11:04:07.843857+05:30',	'2021-11-27 11:04:07.843857+05:30'),
(695,	'New Mahe',	2,	NULL,	NULL,	'2021-11-27 11:04:07.843857+05:30',	'2021-11-27 11:04:07.843857+05:30'),
(696,	'Ancharakandy',	2,	NULL,	NULL,	'2021-11-27 11:04:07.843857+05:30',	'2021-11-27 11:04:07.843857+05:30'),
(697,	'Thripangottoor',	2,	NULL,	NULL,	'2021-11-27 11:04:07.843857+05:30',	'2021-11-27 11:04:07.843857+05:30'),
(698,	'Chittariparamba',	2,	NULL,	NULL,	'2021-11-27 11:04:07.843857+05:30',	'2021-11-27 11:04:07.843857+05:30'),
(699,	'Pattiam',	2,	NULL,	NULL,	'2021-11-27 11:04:07.843857+05:30',	'2021-11-27 11:04:07.843857+05:30'),
(700,	'Kunnothuparamba',	2,	NULL,	NULL,	'2021-11-27 11:04:07.843857+05:30',	'2021-11-27 11:04:07.843857+05:30'),
(701,	'Mangattidam',	2,	NULL,	NULL,	'2021-11-27 11:04:07.843857+05:30',	'2021-11-27 11:04:07.843857+05:30'),
(702,	'Kottayam',	2,	NULL,	NULL,	'2021-11-27 11:04:07.843857+05:30',	'2021-11-27 11:04:07.843857+05:30'),
(703,	'chockli',	2,	NULL,	NULL,	'2021-11-27 11:04:07.843857+05:30',	'2021-11-27 11:04:07.843857+05:30'),
(704,	'Panniyannur',	2,	NULL,	NULL,	'2021-11-27 11:04:07.843857+05:30',	'2021-11-27 11:04:07.843857+05:30'),
(705,	'Mokeri',	2,	NULL,	NULL,	'2021-11-27 11:04:07.843857+05:30',	'2021-11-27 11:04:07.843857+05:30'),
(706,	'Kadirur',	2,	NULL,	NULL,	'2021-11-27 11:04:07.843857+05:30',	'2021-11-27 11:04:07.843857+05:30'),
(707,	'Aralam',	2,	NULL,	NULL,	'2021-11-27 11:04:07.843857+05:30',	'2021-11-27 11:04:07.843857+05:30'),
(708,	'Ayyankunnu',	2,	NULL,	NULL,	'2021-11-27 11:04:07.843857+05:30',	'2021-11-27 11:04:07.843857+05:30'),
(709,	'Keezhallur',	2,	NULL,	NULL,	'2021-11-27 11:04:07.843857+05:30',	'2021-11-27 11:04:07.843857+05:30'),
(710,	'Thillankeri',	2,	NULL,	NULL,	'2021-11-27 11:04:07.843857+05:30',	'2021-11-27 11:04:07.843857+05:30'),
(711,	'Koodali',	2,	NULL,	NULL,	'2021-11-27 11:04:07.843857+05:30',	'2021-11-27 11:04:07.843857+05:30'),
(712,	'Payam',	2,	NULL,	NULL,	'2021-11-27 11:04:07.843857+05:30',	'2021-11-27 11:04:07.843857+05:30'),
(713,	'Kanichar',	2,	NULL,	NULL,	'2021-11-27 11:04:07.843857+05:30',	'2021-11-27 11:04:07.843857+05:30'),
(714,	'Kelakam',	2,	NULL,	NULL,	'2021-11-27 11:04:07.843857+05:30',	'2021-11-27 11:04:07.843857+05:30'),
(715,	'Kottiyoor',	2,	NULL,	NULL,	'2021-11-27 11:04:07.843857+05:30',	'2021-11-27 11:04:07.843857+05:30'),
(716,	'Muzhakkunnu',	2,	NULL,	NULL,	'2021-11-27 11:04:07.843857+05:30',	'2021-11-27 11:04:07.843857+05:30'),
(717,	'Kolayad',	2,	NULL,	NULL,	'2021-11-27 11:04:07.843857+05:30',	'2021-11-27 11:04:07.843857+05:30'),
(718,	'Malur',	2,	NULL,	NULL,	'2021-11-27 11:04:07.843857+05:30',	'2021-11-27 11:04:07.843857+05:30'),
(719,	'Peravoor',	2,	NULL,	NULL,	'2021-11-27 11:04:07.843857+05:30',	'2021-11-27 11:04:07.843857+05:30'),
(720,	'Anakkara',	6,	NULL,	NULL,	'2021-11-27 11:04:07.843857+05:30',	'2021-11-27 11:04:07.843857+05:30'),
(721,	'Chalissery',	6,	NULL,	NULL,	'2021-11-27 11:04:07.843857+05:30',	'2021-11-27 11:04:07.843857+05:30'),
(722,	'Kappoor',	6,	NULL,	NULL,	'2021-11-27 11:04:07.843857+05:30',	'2021-11-27 11:04:07.843857+05:30'),
(723,	'Nagalassery',	6,	NULL,	NULL,	'2021-11-27 11:04:07.843857+05:30',	'2021-11-27 11:04:07.843857+05:30'),
(724,	'Pattithara',	6,	NULL,	NULL,	'2021-11-27 11:04:07.843857+05:30',	'2021-11-27 11:04:07.843857+05:30'),
(725,	'Thirumittakode',	6,	NULL,	NULL,	'2021-11-27 11:04:07.843857+05:30',	'2021-11-27 11:04:07.843857+05:30'),
(726,	'Thrithala',	6,	NULL,	NULL,	'2021-11-27 11:04:07.843857+05:30',	'2021-11-27 11:04:07.843857+05:30'),
(727,	'Koppam',	6,	NULL,	NULL,	'2021-11-27 11:04:07.843857+05:30',	'2021-11-27 11:04:07.843857+05:30'),
(728,	'Kulukkallur',	6,	NULL,	NULL,	'2021-11-27 11:04:07.843857+05:30',	'2021-11-27 11:04:07.843857+05:30'),
(729,	'Muthuthala',	6,	NULL,	NULL,	'2021-11-27 11:04:07.843857+05:30',	'2021-11-27 11:04:07.843857+05:30'),
(730,	'Ongallur',	6,	NULL,	NULL,	'2021-11-27 11:04:07.843857+05:30',	'2021-11-27 11:04:07.843857+05:30'),
(731,	'Thiruvegappura',	6,	NULL,	NULL,	'2021-11-27 11:04:07.843857+05:30',	'2021-11-27 11:04:07.843857+05:30'),
(732,	'Vilayur',	6,	NULL,	NULL,	'2021-11-27 11:04:07.843857+05:30',	'2021-11-27 11:04:07.843857+05:30'),
(733,	'Paruthur',	6,	NULL,	NULL,	'2021-11-27 11:04:07.843857+05:30',	'2021-11-27 11:04:07.843857+05:30'),
(734,	'Ambalapara',	6,	NULL,	NULL,	'2021-11-27 11:04:07.843857+05:30',	'2021-11-27 11:04:07.843857+05:30'),
(735,	'Ananganadi',	6,	NULL,	NULL,	'2021-11-27 11:04:07.843857+05:30',	'2021-11-27 11:04:07.843857+05:30'),
(736,	'Chalavara',	6,	NULL,	NULL,	'2021-11-27 11:04:07.843857+05:30',	'2021-11-27 11:04:07.843857+05:30'),
(737,	'Lekkidi',	6,	NULL,	NULL,	'2021-11-27 11:04:07.843857+05:30',	'2021-11-27 11:04:07.843857+05:30'),
(738,	'Vaniyamkulam',	6,	NULL,	NULL,	'2021-11-27 11:04:07.843857+05:30',	'2021-11-27 11:04:07.843857+05:30'),
(739,	'Thrikkadeiri',	6,	NULL,	NULL,	'2021-11-27 11:04:07.843857+05:30',	'2021-11-27 11:04:07.843857+05:30'),
(740,	'Vallapuzha',	6,	NULL,	NULL,	'2021-11-27 11:04:07.843857+05:30',	'2021-11-27 11:04:07.843857+05:30'),
(741,	'Nellaya',	6,	NULL,	NULL,	'2021-11-27 11:04:07.843857+05:30',	'2021-11-27 11:04:07.843857+05:30'),
(742,	'Kadampazhipuram',	6,	NULL,	NULL,	'2021-11-27 11:04:07.843857+05:30',	'2021-11-27 11:04:07.843857+05:30'),
(743,	'Karimpuzha',	6,	NULL,	NULL,	'2021-11-27 11:04:07.843857+05:30',	'2021-11-27 11:04:07.843857+05:30'),
(744,	'Sreekrishnapuram',	6,	NULL,	NULL,	'2021-11-27 11:04:07.843857+05:30',	'2021-11-27 11:04:07.843857+05:30'),
(745,	'Vellinezhi',	6,	NULL,	NULL,	'2021-11-27 11:04:07.843857+05:30',	'2021-11-27 11:04:07.843857+05:30'),
(746,	'Karakurissi',	6,	NULL,	NULL,	'2021-11-27 11:04:07.843857+05:30',	'2021-11-27 11:04:07.843857+05:30'),
(747,	'Thachanattukara',	6,	NULL,	NULL,	'2021-11-27 11:04:07.843857+05:30',	'2021-11-27 11:04:07.843857+05:30'),
(748,	'Pookkottukavu',	6,	NULL,	NULL,	'2021-11-27 11:04:07.843857+05:30',	'2021-11-27 11:04:07.843857+05:30'),
(749,	'Alanallur',	6,	NULL,	NULL,	'2021-11-27 11:04:07.843857+05:30',	'2021-11-27 11:04:07.843857+05:30'),
(750,	'Karimba ',	6,	NULL,	NULL,	'2021-11-27 11:04:07.843857+05:30',	'2021-11-27 11:04:07.843857+05:30'),
(751,	'Kottoppadam',	6,	NULL,	NULL,	'2021-11-27 11:04:07.843857+05:30',	'2021-11-27 11:04:07.843857+05:30'),
(752,	'Kumaramputhur',	6,	NULL,	NULL,	'2021-11-27 11:04:07.843857+05:30',	'2021-11-27 11:04:07.843857+05:30'),
(753,	'Kanjirapuzha',	6,	NULL,	NULL,	'2021-11-27 11:04:07.843857+05:30',	'2021-11-27 11:04:07.843857+05:30'),
(754,	'Thachampara',	6,	NULL,	NULL,	'2021-11-27 11:04:07.843857+05:30',	'2021-11-27 11:04:07.843857+05:30'),
(755,	'Thenkara',	6,	NULL,	NULL,	'2021-11-27 11:04:07.843857+05:30',	'2021-11-27 11:04:07.843857+05:30'),
(756,	'Agali',	6,	NULL,	NULL,	'2021-11-27 11:04:07.843857+05:30',	'2021-11-27 11:04:07.843857+05:30'),
(757,	'Pudur',	6,	NULL,	NULL,	'2021-11-27 11:04:07.843857+05:30',	'2021-11-27 11:04:07.843857+05:30'),
(758,	'Sholayur',	6,	NULL,	NULL,	'2021-11-27 11:04:07.843857+05:30',	'2021-11-27 11:04:07.843857+05:30'),
(759,	'Pirayiri',	6,	NULL,	NULL,	'2021-11-27 11:04:07.843857+05:30',	'2021-11-27 11:04:07.843857+05:30'),
(760,	'Mundur',	6,	NULL,	NULL,	'2021-11-27 11:04:07.843857+05:30',	'2021-11-27 11:04:07.843857+05:30'),
(761,	'Kongad',	6,	NULL,	NULL,	'2021-11-27 11:04:07.843857+05:30',	'2021-11-27 11:04:07.843857+05:30'),
(762,	'Keralasseri',	6,	NULL,	NULL,	'2021-11-27 11:04:07.843857+05:30',	'2021-11-27 11:04:07.843857+05:30'),
(763,	'Mannur',	6,	NULL,	NULL,	'2021-11-27 11:04:07.843857+05:30',	'2021-11-27 11:04:07.843857+05:30'),
(764,	'Mankara',	6,	NULL,	NULL,	'2021-11-27 11:04:07.843857+05:30',	'2021-11-27 11:04:07.843857+05:30'),
(765,	'Parli',	6,	NULL,	NULL,	'2021-11-27 11:04:07.843857+05:30',	'2021-11-27 11:04:07.843857+05:30'),
(766,	'Kottayi',	6,	NULL,	NULL,	'2021-11-27 11:04:07.843857+05:30',	'2021-11-27 11:04:07.843857+05:30'),
(767,	'Kuthanur',	6,	NULL,	NULL,	'2021-11-27 11:04:07.843857+05:30',	'2021-11-27 11:04:07.843857+05:30'),
(768,	'Kuzhalmannam',	6,	NULL,	NULL,	'2021-11-27 11:04:07.843857+05:30',	'2021-11-27 11:04:07.843857+05:30'),
(769,	'Mathur',	6,	NULL,	NULL,	'2021-11-27 11:04:07.843857+05:30',	'2021-11-27 11:04:07.843857+05:30'),
(770,	'Peringottukurissi',	6,	NULL,	NULL,	'2021-11-27 11:04:07.843857+05:30',	'2021-11-27 11:04:07.843857+05:30'),
(771,	'Thenkurissi',	6,	NULL,	NULL,	'2021-11-27 11:04:07.843857+05:30',	'2021-11-27 11:04:07.843857+05:30'),
(772,	'Kannadi',	6,	NULL,	NULL,	'2021-11-27 11:04:07.843857+05:30',	'2021-11-27 11:04:07.843857+05:30'),
(773,	'Eruthempathy',	6,	NULL,	NULL,	'2021-11-27 11:04:07.843857+05:30',	'2021-11-27 11:04:07.843857+05:30'),
(774,	'Kozhinjampara',	6,	NULL,	NULL,	'2021-11-27 11:04:07.843857+05:30',	'2021-11-27 11:04:07.843857+05:30'),
(775,	'Nalleppilly',	6,	NULL,	NULL,	'2021-11-27 11:04:07.843857+05:30',	'2021-11-27 11:04:07.843857+05:30'),
(776,	'Perumatty ',	6,	NULL,	NULL,	'2021-11-27 11:04:07.843857+05:30',	'2021-11-27 11:04:07.843857+05:30'),
(777,	'Vadakarapathy',	6,	NULL,	NULL,	'2021-11-27 11:04:07.843857+05:30',	'2021-11-27 11:04:07.843857+05:30'),
(778,	'Elappully',	6,	NULL,	NULL,	'2021-11-27 11:04:07.843857+05:30',	'2021-11-27 11:04:07.843857+05:30'),
(779,	'Polpully',	6,	NULL,	NULL,	'2021-11-27 11:04:07.843857+05:30',	'2021-11-27 11:04:07.843857+05:30'),
(780,	'Kollengode',	6,	NULL,	NULL,	'2021-11-27 11:04:07.843857+05:30',	'2021-11-27 11:04:07.843857+05:30'),
(781,	'Koduvayur',	6,	NULL,	NULL,	'2021-11-27 11:04:07.843857+05:30',	'2021-11-27 11:04:07.843857+05:30'),
(782,	'Muthalamada',	6,	NULL,	NULL,	'2021-11-27 11:04:07.843857+05:30',	'2021-11-27 11:04:07.843857+05:30'),
(783,	'Pudunagaram',	6,	NULL,	NULL,	'2021-11-27 11:04:07.843857+05:30',	'2021-11-27 11:04:07.843857+05:30'),
(784,	'Vadavannur',	6,	NULL,	NULL,	'2021-11-27 11:04:07.843857+05:30',	'2021-11-27 11:04:07.843857+05:30'),
(785,	'Peruvemba',	6,	NULL,	NULL,	'2021-11-27 11:04:07.843857+05:30',	'2021-11-27 11:04:07.843857+05:30'),
(786,	'Pattanchery',	6,	NULL,	NULL,	'2021-11-27 11:04:07.843857+05:30',	'2021-11-27 11:04:07.843857+05:30'),
(787,	'Ayiloor',	6,	NULL,	NULL,	'2021-11-27 11:04:07.843857+05:30',	'2021-11-27 11:04:07.843857+05:30'),
(788,	'Nelliyampathy',	6,	NULL,	NULL,	'2021-11-27 11:04:07.843857+05:30',	'2021-11-27 11:04:07.843857+05:30'),
(789,	'Elavanchery',	6,	NULL,	NULL,	'2021-11-27 11:04:07.843857+05:30',	'2021-11-27 11:04:07.843857+05:30'),
(790,	'Pallassana',	6,	NULL,	NULL,	'2021-11-27 11:04:07.843857+05:30',	'2021-11-27 11:04:07.843857+05:30'),
(791,	'Melarcode',	6,	NULL,	NULL,	'2021-11-27 11:04:07.843857+05:30',	'2021-11-27 11:04:07.843857+05:30'),
(792,	'Nemmara',	6,	NULL,	NULL,	'2021-11-27 11:04:07.843857+05:30',	'2021-11-27 11:04:07.843857+05:30'),
(793,	'Vandazhi',	6,	NULL,	NULL,	'2021-11-27 11:04:07.843857+05:30',	'2021-11-27 11:04:07.843857+05:30'),
(794,	'Akathethara',	6,	NULL,	NULL,	'2021-11-27 11:04:07.843857+05:30',	'2021-11-27 11:04:07.843857+05:30'),
(795,	'Malampuzha',	6,	NULL,	NULL,	'2021-11-27 11:04:07.843857+05:30',	'2021-11-27 11:04:07.843857+05:30'),
(796,	'Marutha Road',	6,	NULL,	NULL,	'2021-11-27 11:04:07.843857+05:30',	'2021-11-27 11:04:07.843857+05:30'),
(797,	'Puduppariyaram',	6,	NULL,	NULL,	'2021-11-27 11:04:07.843857+05:30',	'2021-11-27 11:04:07.843857+05:30'),
(798,	'Pudusserri',	6,	NULL,	NULL,	'2021-11-27 11:04:07.843857+05:30',	'2021-11-27 11:04:07.843857+05:30'),
(799,	'Kodumba',	6,	NULL,	NULL,	'2021-11-27 11:04:07.843857+05:30',	'2021-11-27 11:04:07.843857+05:30'),
(800,	'Alathur',	6,	NULL,	NULL,	'2021-11-27 11:04:07.843857+05:30',	'2021-11-27 11:04:07.843857+05:30'),
(801,	'Erimayoor',	6,	NULL,	NULL,	'2021-11-27 11:04:07.843857+05:30',	'2021-11-27 11:04:07.843857+05:30'),
(802,	'Kavassery',	6,	NULL,	NULL,	'2021-11-27 11:04:07.843857+05:30',	'2021-11-27 11:04:07.843857+05:30'),
(803,	'Kizhakkanchery',	6,	NULL,	NULL,	'2021-11-27 11:04:07.843857+05:30',	'2021-11-27 11:04:07.843857+05:30'),
(804,	'Puthukode',	6,	NULL,	NULL,	'2021-11-27 11:04:07.843857+05:30',	'2021-11-27 11:04:07.843857+05:30'),
(805,	'Tarur',	6,	NULL,	NULL,	'2021-11-27 11:04:07.843857+05:30',	'2021-11-27 11:04:07.843857+05:30'),
(806,	'Vadakkenchery',	6,	NULL,	NULL,	'2021-11-27 11:04:07.843857+05:30',	'2021-11-27 11:04:07.843857+05:30'),
(807,	'Kannambra',	6,	NULL,	NULL,	'2021-11-27 11:04:07.843857+05:30',	'2021-11-27 11:04:07.843857+05:30'),
(808,	'Thalayazham',	10,	NULL,	NULL,	'2021-11-27 11:04:07.843857+05:30',	'2021-11-27 11:04:07.843857+05:30'),
(809,	'Chempu',	10,	NULL,	NULL,	'2021-11-27 11:04:07.843857+05:30',	'2021-11-27 11:04:07.843857+05:30'),
(810,	'Maravanthuruthu',	10,	NULL,	NULL,	'2021-11-27 11:04:07.843857+05:30',	'2021-11-27 11:04:07.843857+05:30'),
(811,	'T V Puram',	10,	NULL,	NULL,	'2021-11-27 11:04:07.843857+05:30',	'2021-11-27 11:04:07.843857+05:30'),
(812,	'Vechoor',	10,	NULL,	NULL,	'2021-11-27 11:04:07.843857+05:30',	'2021-11-27 11:04:07.843857+05:30'),
(813,	'Udayanapuram',	10,	NULL,	NULL,	'2021-11-27 11:04:07.843857+05:30',	'2021-11-27 11:04:07.843857+05:30'),
(814,	'Kaduthuruthy',	10,	NULL,	NULL,	'2021-11-27 11:04:07.843857+05:30',	'2021-11-27 11:04:07.843857+05:30'),
(815,	'Kallara',	10,	NULL,	NULL,	'2021-11-27 11:04:07.843857+05:30',	'2021-11-27 11:04:07.843857+05:30'),
(816,	'Mulakkulam',	10,	NULL,	NULL,	'2021-11-27 11:04:07.843857+05:30',	'2021-11-27 11:04:07.843857+05:30'),
(817,	'Njeezhoor',	10,	NULL,	NULL,	'2021-11-27 11:04:07.843857+05:30',	'2021-11-27 11:04:07.843857+05:30'),
(818,	'Thalayolaparambu',	10,	NULL,	NULL,	'2021-11-27 11:04:07.843857+05:30',	'2021-11-27 11:04:07.843857+05:30'),
(819,	'Velloor',	10,	NULL,	NULL,	'2021-11-27 11:04:07.843857+05:30',	'2021-11-27 11:04:07.843857+05:30'),
(820,	'Neendoor',	10,	NULL,	NULL,	'2021-11-27 11:04:07.843857+05:30',	'2021-11-27 11:04:07.843857+05:30'),
(821,	'Kumarakom',	10,	NULL,	NULL,	'2021-11-27 11:04:07.843857+05:30',	'2021-11-27 11:04:07.843857+05:30'),
(822,	'Thiruvarppu',	10,	NULL,	NULL,	'2021-11-27 11:04:07.843857+05:30',	'2021-11-27 11:04:07.843857+05:30'),
(823,	'Arpookkara',	10,	NULL,	NULL,	'2021-11-27 11:04:07.843857+05:30',	'2021-11-27 11:04:07.843857+05:30'),
(824,	'Athirampuzha',	10,	NULL,	NULL,	'2021-11-27 11:04:07.843857+05:30',	'2021-11-27 11:04:07.843857+05:30'),
(825,	'Aymanam',	10,	NULL,	NULL,	'2021-11-27 11:04:07.843857+05:30',	'2021-11-27 11:04:07.843857+05:30'),
(826,	'Kadaplamattom',	10,	NULL,	NULL,	'2021-11-27 11:04:07.843857+05:30',	'2021-11-27 11:04:07.843857+05:30'),
(827,	'Marangattupally',	10,	NULL,	NULL,	'2021-11-27 11:04:07.843857+05:30',	'2021-11-27 11:04:07.843857+05:30'),
(828,	'Kanakkary',	10,	NULL,	NULL,	'2021-11-27 11:04:07.843857+05:30',	'2021-11-27 11:04:07.843857+05:30'),
(829,	'Veliyannoor',	10,	NULL,	NULL,	'2021-11-27 11:04:07.843857+05:30',	'2021-11-27 11:04:07.843857+05:30'),
(830,	'Kuravilangadu',	10,	NULL,	NULL,	'2021-11-27 11:04:07.843857+05:30',	'2021-11-27 11:04:07.843857+05:30'),
(831,	'Uzhavoor',	10,	NULL,	NULL,	'2021-11-27 11:04:07.843857+05:30',	'2021-11-27 11:04:07.843857+05:30'),
(832,	'Ramapuram',	10,	NULL,	NULL,	'2021-11-27 11:04:07.843857+05:30',	'2021-11-27 11:04:07.843857+05:30'),
(833,	'Manjoor',	10,	NULL,	NULL,	'2021-11-27 11:04:07.843857+05:30',	'2021-11-27 11:04:07.843857+05:30'),
(834,	'Bharananganam',	10,	NULL,	NULL,	'2021-11-27 11:04:07.843857+05:30',	'2021-11-27 11:04:07.843857+05:30'),
(835,	'Karoor',	10,	NULL,	NULL,	'2021-11-27 11:04:07.843857+05:30',	'2021-11-27 11:04:07.843857+05:30'),
(836,	'Kozhuvanal',	10,	NULL,	NULL,	'2021-11-27 11:04:07.843857+05:30',	'2021-11-27 11:04:07.843857+05:30'),
(837,	'Kadanadu',	10,	NULL,	NULL,	'2021-11-27 11:04:07.843857+05:30',	'2021-11-27 11:04:07.843857+05:30'),
(838,	'Meenachil',	10,	NULL,	NULL,	'2021-11-27 11:04:07.843857+05:30',	'2021-11-27 11:04:07.843857+05:30'),
(839,	'Mutholy',	10,	NULL,	NULL,	'2021-11-27 11:04:07.843857+05:30',	'2021-11-27 11:04:07.843857+05:30'),
(840,	'Melukavu',	10,	NULL,	NULL,	'2021-11-27 11:04:07.843857+05:30',	'2021-11-27 11:04:07.843857+05:30'),
(841,	'Moonnilavu',	10,	NULL,	NULL,	'2021-11-27 11:04:07.843857+05:30',	'2021-11-27 11:04:07.843857+05:30'),
(842,	'Poonjar',	10,	NULL,	NULL,	'2021-11-27 11:04:07.843857+05:30',	'2021-11-27 11:04:07.843857+05:30'),
(843,	'Poonjar Thekkekkara',	10,	NULL,	NULL,	'2021-11-27 11:04:07.843857+05:30',	'2021-11-27 11:04:07.843857+05:30'),
(844,	'Teekoy',	10,	NULL,	NULL,	'2021-11-27 11:04:07.843857+05:30',	'2021-11-27 11:04:07.843857+05:30'),
(845,	'Thalanadu',	10,	NULL,	NULL,	'2021-11-27 11:04:07.843857+05:30',	'2021-11-27 11:04:07.843857+05:30'),
(846,	'Thalappalam',	10,	NULL,	NULL,	'2021-11-27 11:04:07.843857+05:30',	'2021-11-27 11:04:07.843857+05:30'),
(847,	'Thidanadu',	10,	NULL,	NULL,	'2021-11-27 11:04:07.843857+05:30',	'2021-11-27 11:04:07.843857+05:30'),
(848,	'Akalakkunnam',	10,	NULL,	NULL,	'2021-11-27 11:04:07.843857+05:30',	'2021-11-27 11:04:07.843857+05:30'),
(849,	'Elikkulam',	10,	NULL,	NULL,	'2021-11-27 11:04:07.843857+05:30',	'2021-11-27 11:04:07.843857+05:30'),
(850,	'Kooroppada',	10,	NULL,	NULL,	'2021-11-27 11:04:07.843857+05:30',	'2021-11-27 11:04:07.843857+05:30'),
(851,	'Pampady',	10,	NULL,	NULL,	'2021-11-27 11:04:07.843857+05:30',	'2021-11-27 11:04:07.843857+05:30'),
(852,	'Pallickathodu',	10,	NULL,	NULL,	'2021-11-27 11:04:07.843857+05:30',	'2021-11-27 11:04:07.843857+05:30'),
(853,	'Manarcadu',	10,	NULL,	NULL,	'2021-11-27 11:04:07.843857+05:30',	'2021-11-27 11:04:07.843857+05:30'),
(854,	'Kidangoor',	10,	NULL,	NULL,	'2021-11-27 11:04:07.843857+05:30',	'2021-11-27 11:04:07.843857+05:30'),
(855,	'Meenadom',	10,	NULL,	NULL,	'2021-11-27 11:04:07.843857+05:30',	'2021-11-27 11:04:07.843857+05:30'),
(856,	'Madappally',	10,	NULL,	NULL,	'2021-11-27 11:04:07.843857+05:30',	'2021-11-27 11:04:07.843857+05:30'),
(857,	'Paippadu',	10,	NULL,	NULL,	'2021-11-27 11:04:07.843857+05:30',	'2021-11-27 11:04:07.843857+05:30'),
(858,	'Thrikkodithanam',	10,	NULL,	NULL,	'2021-11-27 11:04:07.843857+05:30',	'2021-11-27 11:04:07.843857+05:30'),
(859,	'Vakathanam',	10,	NULL,	NULL,	'2021-11-27 11:04:07.843857+05:30',	'2021-11-27 11:04:07.843857+05:30'),
(860,	'Vazhappally',	10,	NULL,	NULL,	'2021-11-27 11:04:07.843857+05:30',	'2021-11-27 11:04:07.843857+05:30'),
(861,	'Chirakkadavu',	10,	NULL,	NULL,	'2021-11-27 11:04:07.843857+05:30',	'2021-11-27 11:04:07.843857+05:30'),
(862,	'Kangazha',	10,	NULL,	NULL,	'2021-11-27 11:04:07.843857+05:30',	'2021-11-27 11:04:07.843857+05:30'),
(863,	'Nedumkunnam',	10,	NULL,	NULL,	'2021-11-27 11:04:07.843857+05:30',	'2021-11-27 11:04:07.843857+05:30'),
(864,	'Vellavoor',	10,	NULL,	NULL,	'2021-11-27 11:04:07.843857+05:30',	'2021-11-27 11:04:07.843857+05:30'),
(865,	'Vazhoor',	10,	NULL,	NULL,	'2021-11-27 11:04:07.843857+05:30',	'2021-11-27 11:04:07.843857+05:30'),
(866,	'Karukachal',	10,	NULL,	NULL,	'2021-11-27 11:04:07.843857+05:30',	'2021-11-27 11:04:07.843857+05:30'),
(867,	'Manimala',	10,	NULL,	NULL,	'2021-11-27 11:04:07.843857+05:30',	'2021-11-27 11:04:07.843857+05:30'),
(868,	'Erumely',	10,	NULL,	NULL,	'2021-11-27 11:04:07.843857+05:30',	'2021-11-27 11:04:07.843857+05:30'),
(869,	'Kanjirappally',	10,	NULL,	NULL,	'2021-11-27 11:04:07.843857+05:30',	'2021-11-27 11:04:07.843857+05:30'),
(870,	'Koottickal',	10,	NULL,	NULL,	'2021-11-27 11:04:07.843857+05:30',	'2021-11-27 11:04:07.843857+05:30'),
(871,	'Mundakayam',	10,	NULL,	NULL,	'2021-11-27 11:04:07.843857+05:30',	'2021-11-27 11:04:07.843857+05:30'),
(872,	'Koruthode',	10,	NULL,	NULL,	'2021-11-27 11:04:07.843857+05:30',	'2021-11-27 11:04:07.843857+05:30'),
(873,	'Parathodu',	10,	NULL,	NULL,	'2021-11-27 11:04:07.843857+05:30',	'2021-11-27 11:04:07.843857+05:30'),
(874,	'Kurichy',	10,	NULL,	NULL,	'2021-11-27 11:04:07.843857+05:30',	'2021-11-27 11:04:07.843857+05:30'),
(875,	'Panachikadu',	10,	NULL,	NULL,	'2021-11-27 11:04:07.843857+05:30',	'2021-11-27 11:04:07.843857+05:30'),
(876,	'Puthuppally',	10,	NULL,	NULL,	'2021-11-27 11:04:07.843857+05:30',	'2021-11-27 11:04:07.843857+05:30'),
(877,	'Vijayapuram',	10,	NULL,	NULL,	'2021-11-27 11:04:07.843857+05:30',	'2021-11-27 11:04:07.843857+05:30'),
(878,	'Ayarkunnam',	10,	NULL,	NULL,	'2021-11-27 11:04:07.843857+05:30',	'2021-11-27 11:04:07.843857+05:30'),
(879,	'Edarikkode',	5,	NULL,	NULL,	'2021-11-27 11:04:07.843857+05:30',	'2021-11-27 11:04:07.843857+05:30'),
(880,	'Oorakam',	5,	NULL,	NULL,	'2021-11-27 11:04:07.843857+05:30',	'2021-11-27 11:04:07.843857+05:30'),
(881,	'Kannamangalam',	5,	NULL,	NULL,	'2021-11-27 11:04:07.843857+05:30',	'2021-11-27 11:04:07.843857+05:30'),
(882,	'Vengara',	5,	NULL,	NULL,	'2021-11-27 11:04:07.843857+05:30',	'2021-11-27 11:04:07.843857+05:30'),
(883,	'Thennela',	5,	NULL,	NULL,	'2021-11-27 11:04:07.843857+05:30',	'2021-11-27 11:04:07.843857+05:30'),
(884,	'Parappur',	5,	NULL,	NULL,	'2021-11-27 11:04:07.843857+05:30',	'2021-11-27 11:04:07.843857+05:30'),
(885,	'Abdurehman Nagar',	5,	NULL,	NULL,	'2021-11-27 11:04:07.843857+05:30',	'2021-11-27 11:04:07.843857+05:30'),
(886,	'Perumanna Clari',	5,	NULL,	NULL,	'2021-11-27 11:04:07.843857+05:30',	'2021-11-27 11:04:07.843857+05:30'),
(887,	'Valavannur',	5,	NULL,	NULL,	'2021-11-27 11:04:07.843857+05:30',	'2021-11-27 11:04:07.843857+05:30'),
(888,	'Thanalur',	5,	NULL,	NULL,	'2021-11-27 11:04:07.843857+05:30',	'2021-11-27 11:04:07.843857+05:30'),
(889,	'Niramaruthoor',	5,	NULL,	NULL,	'2021-11-27 11:04:07.843857+05:30',	'2021-11-27 11:04:07.843857+05:30'),
(890,	'Ozhoor',	5,	NULL,	NULL,	'2021-11-27 11:04:07.843857+05:30',	'2021-11-27 11:04:07.843857+05:30'),
(891,	'Cheriyamundam',	5,	NULL,	NULL,	'2021-11-27 11:04:07.843857+05:30',	'2021-11-27 11:04:07.843857+05:30'),
(892,	'Ponmundam',	5,	NULL,	NULL,	'2021-11-27 11:04:07.843857+05:30',	'2021-11-27 11:04:07.843857+05:30'),
(893,	'Kalpakancheri',	5,	NULL,	NULL,	'2021-11-27 11:04:07.843857+05:30',	'2021-11-27 11:04:07.843857+05:30'),
(894,	'Kuttippuram',	5,	NULL,	NULL,	'2021-11-27 11:04:07.843857+05:30',	'2021-11-27 11:04:07.843857+05:30'),
(895,	'Marakkara',	5,	NULL,	NULL,	'2021-11-27 11:04:07.843857+05:30',	'2021-11-27 11:04:07.843857+05:30'),
(896,	'Irumbiliyum',	5,	NULL,	NULL,	'2021-11-27 11:04:07.843857+05:30',	'2021-11-27 11:04:07.843857+05:30'),
(897,	'Edayur',	5,	NULL,	NULL,	'2021-11-27 11:04:07.843857+05:30',	'2021-11-27 11:04:07.843857+05:30'),
(898,	'Athavanad',	5,	NULL,	NULL,	'2021-11-27 11:04:07.843857+05:30',	'2021-11-27 11:04:07.843857+05:30'),
(899,	'Mankada',	5,	NULL,	NULL,	'2021-11-27 11:04:07.843857+05:30',	'2021-11-27 11:04:07.843857+05:30'),
(900,	'Makkaraparamba',	5,	NULL,	NULL,	'2021-11-27 11:04:07.843857+05:30',	'2021-11-27 11:04:07.843857+05:30'),
(901,	'Moorkanad',	5,	NULL,	NULL,	'2021-11-27 11:04:07.843857+05:30',	'2021-11-27 11:04:07.843857+05:30'),
(902,	'Puzhakkatiri',	5,	NULL,	NULL,	'2021-11-27 11:04:07.843857+05:30',	'2021-11-27 11:04:07.843857+05:30'),
(903,	'Koottilangadi',	5,	NULL,	NULL,	'2021-11-27 11:04:07.843857+05:30',	'2021-11-27 11:04:07.843857+05:30'),
(904,	'Kuruva',	5,	NULL,	NULL,	'2021-11-27 11:04:07.843857+05:30',	'2021-11-27 11:04:07.843857+05:30'),
(905,	'Angadippuram',	5,	NULL,	NULL,	'2021-11-27 11:04:07.843857+05:30',	'2021-11-27 11:04:07.843857+05:30'),
(906,	'Pulamanthole',	5,	NULL,	NULL,	'2021-11-27 11:04:07.843857+05:30',	'2021-11-27 11:04:07.843857+05:30'),
(907,	'Vettathur',	5,	NULL,	NULL,	'2021-11-27 11:04:07.843857+05:30',	'2021-11-27 11:04:07.843857+05:30'),
(908,	'Thazhekkode',	5,	NULL,	NULL,	'2021-11-27 11:04:07.843857+05:30',	'2021-11-27 11:04:07.843857+05:30'),
(909,	'Keezhattur',	5,	NULL,	NULL,	'2021-11-27 11:04:07.843857+05:30',	'2021-11-27 11:04:07.843857+05:30'),
(910,	'Melattur',	5,	NULL,	NULL,	'2021-11-27 11:04:07.843857+05:30',	'2021-11-27 11:04:07.843857+05:30'),
(911,	'Elamkulam',	5,	NULL,	NULL,	'2021-11-27 11:04:07.843857+05:30',	'2021-11-27 11:04:07.843857+05:30'),
(912,	'Aliparamba',	5,	NULL,	NULL,	'2021-11-27 11:04:07.843857+05:30',	'2021-11-27 11:04:07.843857+05:30'),
(913,	'Kodur',	5,	NULL,	NULL,	'2021-11-27 11:04:07.843857+05:30',	'2021-11-27 11:04:07.843857+05:30'),
(914,	'Othukkungal',	5,	NULL,	NULL,	'2021-11-27 11:04:07.843857+05:30',	'2021-11-27 11:04:07.843857+05:30'),
(915,	'Pookkottur',	5,	NULL,	NULL,	'2021-11-27 11:04:07.843857+05:30',	'2021-11-27 11:04:07.843857+05:30'),
(916,	'Ponmala',	5,	NULL,	NULL,	'2021-11-27 11:04:07.843857+05:30',	'2021-11-27 11:04:07.843857+05:30'),
(917,	'Morayur',	5,	NULL,	NULL,	'2021-11-27 11:04:07.843857+05:30',	'2021-11-27 11:04:07.843857+05:30'),
(918,	'Anakayam',	5,	NULL,	NULL,	'2021-11-27 11:04:07.843857+05:30',	'2021-11-27 11:04:07.843857+05:30'),
(919,	'Edavanna',	5,	NULL,	NULL,	'2021-11-27 11:04:07.843857+05:30',	'2021-11-27 11:04:07.843857+05:30'),
(920,	'Pulpetta',	5,	NULL,	NULL,	'2021-11-27 11:04:07.843857+05:30',	'2021-11-27 11:04:07.843857+05:30'),
(921,	'Cheacode',	5,	NULL,	NULL,	'2021-11-27 11:04:07.843857+05:30',	'2021-11-27 11:04:07.843857+05:30'),
(922,	'Kuzhimanna',	5,	NULL,	NULL,	'2021-11-27 11:04:07.843857+05:30',	'2021-11-27 11:04:07.843857+05:30'),
(923,	'Keezhuparamba',	5,	NULL,	NULL,	'2021-11-27 11:04:07.843857+05:30',	'2021-11-27 11:04:07.843857+05:30'),
(924,	'Kavannur',	5,	NULL,	NULL,	'2021-11-27 11:04:07.843857+05:30',	'2021-11-27 11:04:07.843857+05:30'),
(925,	'Urangattiri',	5,	NULL,	NULL,	'2021-11-27 11:04:07.843857+05:30',	'2021-11-27 11:04:07.843857+05:30'),
(926,	'Areacode',	5,	NULL,	NULL,	'2021-11-27 11:04:07.843857+05:30',	'2021-11-27 11:04:07.843857+05:30'),
(927,	'Edapatta',	5,	NULL,	NULL,	'2021-11-27 11:04:07.843857+05:30',	'2021-11-27 11:04:07.843857+05:30'),
(928,	'Karulai',	5,	NULL,	NULL,	'2021-11-27 11:04:07.843857+05:30',	'2021-11-27 11:04:07.843857+05:30'),
(929,	'Amarambalam',	5,	NULL,	NULL,	'2021-11-27 11:04:07.843857+05:30',	'2021-11-27 11:04:07.843857+05:30'),
(930,	'Thuvvur',	5,	NULL,	NULL,	'2021-11-27 11:04:07.843857+05:30',	'2021-11-27 11:04:07.843857+05:30'),
(931,	'Karuvarakundu',	5,	NULL,	NULL,	'2021-11-27 11:04:07.843857+05:30',	'2021-11-27 11:04:07.843857+05:30'),
(932,	'Chokkad',	5,	NULL,	NULL,	'2021-11-27 11:04:07.843857+05:30',	'2021-11-27 11:04:07.843857+05:30'),
(933,	'Kalikavu',	5,	NULL,	NULL,	'2021-11-27 11:04:07.843857+05:30',	'2021-11-27 11:04:07.843857+05:30'),
(934,	'Thrikkalangode',	5,	NULL,	NULL,	'2021-11-27 11:04:07.843857+05:30',	'2021-11-27 11:04:07.843857+05:30'),
(935,	'Pandikkad',	5,	NULL,	NULL,	'2021-11-27 11:04:07.843857+05:30',	'2021-11-27 11:04:07.843857+05:30'),
(936,	'Porur',	5,	NULL,	NULL,	'2021-11-27 11:04:07.843857+05:30',	'2021-11-27 11:04:07.843857+05:30'),
(937,	'Mampad',	5,	NULL,	NULL,	'2021-11-27 11:04:07.843857+05:30',	'2021-11-27 11:04:07.843857+05:30'),
(938,	'Thiruvali',	5,	NULL,	NULL,	'2021-11-27 11:04:07.843857+05:30',	'2021-11-27 11:04:07.843857+05:30'),
(939,	'Wandoor',	5,	NULL,	NULL,	'2021-11-27 11:04:07.843857+05:30',	'2021-11-27 11:04:07.843857+05:30'),
(940,	'Chelembra',	5,	NULL,	NULL,	'2021-11-27 11:04:07.843857+05:30',	'2021-11-27 11:04:07.843857+05:30'),
(941,	'Muthuvallur',	5,	NULL,	NULL,	'2021-11-27 11:04:07.843857+05:30',	'2021-11-27 11:04:07.843857+05:30'),
(942,	'Pulikkal',	5,	NULL,	NULL,	'2021-11-27 11:04:07.843857+05:30',	'2021-11-27 11:04:07.843857+05:30'),
(943,	'Vazhakkad',	5,	NULL,	NULL,	'2021-11-27 11:04:07.843857+05:30',	'2021-11-27 11:04:07.843857+05:30'),
(944,	'Vazhayur',	5,	NULL,	NULL,	'2021-11-27 11:04:07.843857+05:30',	'2021-11-27 11:04:07.843857+05:30'),
(945,	'Pallikkal',	5,	NULL,	NULL,	'2021-11-27 11:04:07.843857+05:30',	'2021-11-27 11:04:07.843857+05:30'),
(946,	'Cherukavu',	5,	NULL,	NULL,	'2021-11-27 11:04:07.843857+05:30',	'2021-11-27 11:04:07.843857+05:30'),
(947,	'Chaliyar',	5,	NULL,	NULL,	'2021-11-27 11:04:07.843857+05:30',	'2021-11-27 11:04:07.843857+05:30'),
(948,	'Chungathara',	5,	NULL,	NULL,	'2021-11-27 11:04:07.843857+05:30',	'2021-11-27 11:04:07.843857+05:30'),
(949,	'Moothedam',	5,	NULL,	NULL,	'2021-11-27 11:04:07.843857+05:30',	'2021-11-27 11:04:07.843857+05:30'),
(950,	'Edakkara',	5,	NULL,	NULL,	'2021-11-27 11:04:07.843857+05:30',	'2021-11-27 11:04:07.843857+05:30'),
(951,	'Pothukal',	5,	NULL,	NULL,	'2021-11-27 11:04:07.843857+05:30',	'2021-11-27 11:04:07.843857+05:30'),
(952,	'Vazhikkadavu',	5,	NULL,	NULL,	'2021-11-27 11:04:07.843857+05:30',	'2021-11-27 11:04:07.843857+05:30'),
(953,	'Parassala',	14,	NULL,	NULL,	'2021-11-27 11:04:07.843857+05:30',	'2021-11-27 11:04:07.843857+05:30'),
(954,	'Karode',	14,	NULL,	NULL,	'2021-11-27 11:04:07.843857+05:30',	'2021-11-27 11:04:07.843857+05:30'),
(955,	'Kulathoor',	14,	NULL,	NULL,	'2021-11-27 11:04:07.843857+05:30',	'2021-11-27 11:04:07.843857+05:30'),
(956,	'Chenkal',	14,	NULL,	NULL,	'2021-11-27 11:04:07.843857+05:30',	'2021-11-27 11:04:07.843857+05:30'),
(957,	'THIRUPURAM',	14,	NULL,	NULL,	'2021-11-27 11:04:07.843857+05:30',	'2021-11-27 11:04:07.843857+05:30'),
(958,	'Poovar',	14,	NULL,	NULL,	'2021-11-27 11:04:07.843857+05:30',	'2021-11-27 11:04:07.843857+05:30'),
(959,	'Vellarada',	14,	NULL,	NULL,	'2021-11-27 11:04:07.843857+05:30',	'2021-11-27 11:04:07.843857+05:30'),
(960,	'Kunnathukal',	14,	NULL,	NULL,	'2021-11-27 11:04:07.843857+05:30',	'2021-11-27 11:04:07.843857+05:30'),
(961,	'Kollayil',	14,	NULL,	NULL,	'2021-11-27 11:04:07.843857+05:30',	'2021-11-27 11:04:07.843857+05:30'),
(962,	'Perumkadavila',	14,	NULL,	NULL,	'2021-11-27 11:04:07.843857+05:30',	'2021-11-27 11:04:07.843857+05:30'),
(963,	'Aryankode',	14,	NULL,	NULL,	'2021-11-27 11:04:07.843857+05:30',	'2021-11-27 11:04:07.843857+05:30'),
(964,	'Ottasekaramangalam',	14,	NULL,	NULL,	'2021-11-27 11:04:07.843857+05:30',	'2021-11-27 11:04:07.843857+05:30'),
(965,	'Kallikkadu',	14,	NULL,	NULL,	'2021-11-27 11:04:07.843857+05:30',	'2021-11-27 11:04:07.843857+05:30'),
(966,	'Amboori',	14,	NULL,	NULL,	'2021-11-27 11:04:07.843857+05:30',	'2021-11-27 11:04:07.843857+05:30'),
(967,	'Athiyannoor',	14,	NULL,	NULL,	'2021-11-27 11:04:07.843857+05:30',	'2021-11-27 11:04:07.843857+05:30'),
(968,	'Kanjiramkulam',	14,	NULL,	NULL,	'2021-11-27 11:04:07.843857+05:30',	'2021-11-27 11:04:07.843857+05:30'),
(969,	'Karumkulam',	14,	NULL,	NULL,	'2021-11-27 11:04:07.843857+05:30',	'2021-11-27 11:04:07.843857+05:30'),
(970,	'Kottukal',	14,	NULL,	NULL,	'2021-11-27 11:04:07.843857+05:30',	'2021-11-27 11:04:07.843857+05:30'),
(971,	'Venganoor',	14,	NULL,	NULL,	'2021-11-27 11:04:07.843857+05:30',	'2021-11-27 11:04:07.843857+05:30'),
(972,	'MARANALLUR',	14,	NULL,	NULL,	'2021-11-27 11:04:07.843857+05:30',	'2021-11-27 11:04:07.843857+05:30'),
(973,	'BALARAMAPURAM',	14,	NULL,	NULL,	'2021-11-27 11:04:07.843857+05:30',	'2021-11-27 11:04:07.843857+05:30'),
(974,	'PALLICHAL',	14,	NULL,	NULL,	'2021-11-27 11:04:07.843857+05:30',	'2021-11-27 11:04:07.843857+05:30'),
(975,	'MALAYINKEEZHU',	14,	NULL,	NULL,	'2021-11-27 11:04:07.843857+05:30',	'2021-11-27 11:04:07.843857+05:30'),
(976,	'VILAPPIL',	14,	NULL,	NULL,	'2021-11-27 11:04:07.843857+05:30',	'2021-11-27 11:04:07.843857+05:30'),
(977,	'VILAVOORKAL',	14,	NULL,	NULL,	'2021-11-27 11:04:07.843857+05:30',	'2021-11-27 11:04:07.843857+05:30'),
(978,	'KALLIYOOR',	14,	NULL,	NULL,	'2021-11-27 11:04:07.843857+05:30',	'2021-11-27 11:04:07.843857+05:30'),
(979,	'ANDOORKONAM',	14,	NULL,	NULL,	'2021-11-27 11:04:07.843857+05:30',	'2021-11-27 11:04:07.843857+05:30'),
(980,	'KADINAMKULAM',	14,	NULL,	NULL,	'2021-11-27 11:04:07.843857+05:30',	'2021-11-27 11:04:07.843857+05:30'),
(981,	'MANGALAPURAM',	14,	NULL,	NULL,	'2021-11-27 11:04:07.843857+05:30',	'2021-11-27 11:04:07.843857+05:30'),
(982,	'POTHENCODE',	14,	NULL,	NULL,	'2021-11-27 11:04:07.843857+05:30',	'2021-11-27 11:04:07.843857+05:30'),
(983,	'AZHOOR',	14,	NULL,	NULL,	'2021-11-27 11:04:07.843857+05:30',	'2021-11-27 11:04:07.843857+05:30'),
(984,	'Kattakada',	14,	NULL,	NULL,	'2021-11-27 11:04:07.843857+05:30',	'2021-11-27 11:04:07.843857+05:30'),
(985,	'Vellanad',	14,	NULL,	NULL,	'2021-11-27 11:04:07.843857+05:30',	'2021-11-27 11:04:07.843857+05:30'),
(986,	'Poovachal',	14,	NULL,	NULL,	'2021-11-27 11:04:07.843857+05:30',	'2021-11-27 11:04:07.843857+05:30'),
(987,	'Aryanad',	14,	NULL,	NULL,	'2021-11-27 11:04:07.843857+05:30',	'2021-11-27 11:04:07.843857+05:30'),
(988,	'Vithura',	14,	NULL,	NULL,	'2021-11-27 11:04:07.843857+05:30',	'2021-11-27 11:04:07.843857+05:30'),
(989,	'Kuttichal',	14,	NULL,	NULL,	'2021-11-27 11:04:07.843857+05:30',	'2021-11-27 11:04:07.843857+05:30'),
(990,	'Uzhamalakkal',	14,	NULL,	NULL,	'2021-11-27 11:04:07.843857+05:30',	'2021-11-27 11:04:07.843857+05:30'),
(991,	'Tholicode',	14,	NULL,	NULL,	'2021-11-27 11:04:07.843857+05:30',	'2021-11-27 11:04:07.843857+05:30'),
(992,	'Karakulam',	14,	NULL,	NULL,	'2021-11-27 11:04:07.843857+05:30',	'2021-11-27 11:04:07.843857+05:30'),
(993,	'Aruvikkara',	14,	NULL,	NULL,	'2021-11-27 11:04:07.843857+05:30',	'2021-11-27 11:04:07.843857+05:30'),
(994,	'Vembayam',	14,	NULL,	NULL,	'2021-11-27 11:04:07.843857+05:30',	'2021-11-27 11:04:07.843857+05:30'),
(995,	'Anadu',	14,	NULL,	NULL,	'2021-11-27 11:04:07.843857+05:30',	'2021-11-27 11:04:07.843857+05:30'),
(996,	'Panavoor',	14,	NULL,	NULL,	'2021-11-27 11:04:07.843857+05:30',	'2021-11-27 11:04:07.843857+05:30'),
(997,	'Vamanapuram',	14,	NULL,	NULL,	'2021-11-27 11:04:07.843857+05:30',	'2021-11-27 11:04:07.843857+05:30'),
(998,	'Manickal',	14,	NULL,	NULL,	'2021-11-27 11:04:07.843857+05:30',	'2021-11-27 11:04:07.843857+05:30'),
(999,	'Nellanad',	14,	NULL,	NULL,	'2021-11-27 11:04:07.843857+05:30',	'2021-11-27 11:04:07.843857+05:30'),
(1000,	'Pullampara',	14,	NULL,	NULL,	'2021-11-27 11:04:07.843857+05:30',	'2021-11-27 11:04:07.843857+05:30'),
(1001,	'Nanniyode',	14,	NULL,	NULL,	'2021-11-27 11:04:07.843857+05:30',	'2021-11-27 11:04:07.843857+05:30'),
(1002,	'Peringammala',	14,	NULL,	NULL,	'2021-11-27 11:04:07.843857+05:30',	'2021-11-27 11:04:07.843857+05:30'),
(1003,	'Kallara',	14,	NULL,	NULL,	'2021-11-27 11:04:07.843857+05:30',	'2021-11-27 11:04:07.843857+05:30'),
(1004,	'Pangode',	14,	NULL,	NULL,	'2021-11-27 11:04:07.843857+05:30',	'2021-11-27 11:04:07.843857+05:30'),
(1005,	'Pulimath',	14,	NULL,	NULL,	'2021-11-27 11:04:07.843857+05:30',	'2021-11-27 11:04:07.843857+05:30'),
(1006,	'Karavaram',	14,	NULL,	NULL,	'2021-11-27 11:04:07.843857+05:30',	'2021-11-27 11:04:07.843857+05:30'),
(1007,	'Nagaroor',	14,	NULL,	NULL,	'2021-11-27 11:04:07.843857+05:30',	'2021-11-27 11:04:07.843857+05:30'),
(1008,	'Pazhayakunnummel',	14,	NULL,	NULL,	'2021-11-27 11:04:07.843857+05:30',	'2021-11-27 11:04:07.843857+05:30'),
(1009,	'Kilimanoor',	14,	NULL,	NULL,	'2021-11-27 11:04:07.843857+05:30',	'2021-11-27 11:04:07.843857+05:30'),
(1010,	'Navayikulam',	14,	NULL,	NULL,	'2021-11-27 11:04:07.843857+05:30',	'2021-11-27 11:04:07.843857+05:30'),
(1011,	'Madavoor',	14,	NULL,	NULL,	'2021-11-27 11:04:07.843857+05:30',	'2021-11-27 11:04:07.843857+05:30'),
(1012,	'Pallikkal',	14,	NULL,	NULL,	'2021-11-27 11:04:07.843857+05:30',	'2021-11-27 11:04:07.843857+05:30'),
(1013,	'Anchuthengu',	14,	NULL,	NULL,	'2021-11-27 11:04:07.843857+05:30',	'2021-11-27 11:04:07.843857+05:30'),
(1014,	'Vakkom',	14,	NULL,	NULL,	'2021-11-27 11:04:07.843857+05:30',	'2021-11-27 11:04:07.843857+05:30'),
(1015,	'Chirayinkeezhu',	14,	NULL,	NULL,	'2021-11-27 11:04:07.843857+05:30',	'2021-11-27 11:04:07.843857+05:30'),
(1016,	'Kizhuvilam',	14,	NULL,	NULL,	'2021-11-27 11:04:07.843857+05:30',	'2021-11-27 11:04:07.843857+05:30'),
(1017,	'Mudakkal',	14,	NULL,	NULL,	'2021-11-27 11:04:07.843857+05:30',	'2021-11-27 11:04:07.843857+05:30'),
(1018,	'Kadakkavoor',	14,	NULL,	NULL,	'2021-11-27 11:04:07.843857+05:30',	'2021-11-27 11:04:07.843857+05:30'),
(1019,	'Vettoor',	14,	NULL,	NULL,	'2021-11-27 11:04:07.843857+05:30',	'2021-11-27 11:04:07.843857+05:30'),
(1020,	'Cherunniyoor',	14,	NULL,	NULL,	'2021-11-27 11:04:07.843857+05:30',	'2021-11-27 11:04:07.843857+05:30'),
(1021,	'Edava',	14,	NULL,	NULL,	'2021-11-27 11:04:07.843857+05:30',	'2021-11-27 11:04:07.843857+05:30'),
(1022,	'Elakamon',	14,	NULL,	NULL,	'2021-11-27 11:04:07.843857+05:30',	'2021-11-27 11:04:07.843857+05:30'),
(1023,	'Chemmaruthy',	14,	NULL,	NULL,	'2021-11-27 11:04:07.843857+05:30',	'2021-11-27 11:04:07.843857+05:30'),
(1024,	'MANAMBOOR',	14,	NULL,	NULL,	'2021-11-27 11:04:07.843857+05:30',	'2021-11-27 11:04:07.843857+05:30'),
(1025,	'Ottoor',	14,	NULL,	NULL,	'2021-11-27 11:04:07.843857+05:30',	'2021-11-27 11:04:07.843857+05:30'),
(1026,	'Vellamunda',	3,	NULL,	NULL,	'2021-11-27 11:04:07.843857+05:30',	'2021-11-27 11:04:07.843857+05:30'),
(1027,	'Thirunelly',	3,	NULL,	NULL,	'2021-11-27 11:04:07.843857+05:30',	'2021-11-27 11:04:07.843857+05:30'),
(1028,	'Thondernadu',	3,	NULL,	NULL,	'2021-11-27 11:04:07.843857+05:30',	'2021-11-27 11:04:07.843857+05:30'),
(1029,	'Edavaka',	3,	NULL,	NULL,	'2021-11-27 11:04:07.843857+05:30',	'2021-11-27 11:04:07.843857+05:30'),
(1030,	'Thavinhal',	3,	NULL,	NULL,	'2021-11-27 11:04:07.843857+05:30',	'2021-11-27 11:04:07.843857+05:30'),
(1031,	'Noolpuzha',	3,	NULL,	NULL,	'2021-11-27 11:04:07.843857+05:30',	'2021-11-27 11:04:07.843857+05:30'),
(1032,	'Nenmeni',	3,	NULL,	NULL,	'2021-11-27 11:04:07.843857+05:30',	'2021-11-27 11:04:07.843857+05:30'),
(1033,	'Ambalavayal',	3,	NULL,	NULL,	'2021-11-27 11:04:07.843857+05:30',	'2021-11-27 11:04:07.843857+05:30'),
(1034,	'Meenangadi',	3,	NULL,	NULL,	'2021-11-27 11:04:07.843857+05:30',	'2021-11-27 11:04:07.843857+05:30'),
(1035,	'Vengappally',	3,	NULL,	NULL,	'2021-11-27 11:04:07.843857+05:30',	'2021-11-27 11:04:07.843857+05:30'),
(1036,	'Vythiri',	3,	NULL,	NULL,	'2021-11-27 11:04:07.843857+05:30',	'2021-11-27 11:04:07.843857+05:30'),
(1037,	'Pozhuthana',	3,	NULL,	NULL,	'2021-11-27 11:04:07.843857+05:30',	'2021-11-27 11:04:07.843857+05:30'),
(1038,	'Thariode',	3,	NULL,	NULL,	'2021-11-27 11:04:07.843857+05:30',	'2021-11-27 11:04:07.843857+05:30'),
(1039,	'Meppadi',	3,	NULL,	NULL,	'2021-11-27 11:04:07.843857+05:30',	'2021-11-27 11:04:07.843857+05:30'),
(1040,	'Muppainadu',	3,	NULL,	NULL,	'2021-11-27 11:04:07.843857+05:30',	'2021-11-27 11:04:07.843857+05:30'),
(1041,	'Kottathara',	3,	NULL,	NULL,	'2021-11-27 11:04:07.843857+05:30',	'2021-11-27 11:04:07.843857+05:30'),
(1042,	'Muttil',	3,	NULL,	NULL,	'2021-11-27 11:04:07.843857+05:30',	'2021-11-27 11:04:07.843857+05:30'),
(1043,	'Padinjarathara',	3,	NULL,	NULL,	'2021-11-27 11:04:07.843857+05:30',	'2021-11-27 11:04:07.843857+05:30'),
(1044,	'Panamaram',	3,	NULL,	NULL,	'2021-11-27 11:04:07.843857+05:30',	'2021-11-27 11:04:07.843857+05:30'),
(1045,	'Kaniyambetta',	3,	NULL,	NULL,	'2021-11-27 11:04:07.843857+05:30',	'2021-11-27 11:04:07.843857+05:30'),
(1046,	'Poothady',	3,	NULL,	NULL,	'2021-11-27 11:04:07.843857+05:30',	'2021-11-27 11:04:07.843857+05:30'),
(1047,	'Pulpally',	3,	NULL,	NULL,	'2021-11-27 11:04:07.843857+05:30',	'2021-11-27 11:04:07.843857+05:30'),
(1048,	'Mullankolly',	3,	NULL,	NULL,	'2021-11-27 11:04:07.843857+05:30',	'2021-11-27 11:04:07.843857+05:30'),
(1049,	'Nannambra',	5,	NULL,	NULL,	'2021-11-27 11:04:07.843857+05:30',	'2021-11-27 11:04:07.843857+05:30'),
(1050,	'Moonniyur',	5,	NULL,	NULL,	'2021-11-27 11:04:07.843857+05:30',	'2021-11-27 11:04:07.843857+05:30'),
(1051,	'Thenhippalam',	5,	NULL,	NULL,	'2021-11-27 11:04:07.843857+05:30',	'2021-11-27 11:04:07.843857+05:30'),
(1052,	'Vallikkunnu',	5,	NULL,	NULL,	'2021-11-27 11:04:07.843857+05:30',	'2021-11-27 11:04:07.843857+05:30'),
(1053,	'Peruvallur',	5,	NULL,	NULL,	'2021-11-27 11:04:07.843857+05:30',	'2021-11-27 11:04:07.843857+05:30'),
(1054,	'Purathur',	5,	NULL,	NULL,	'2021-11-27 11:04:07.843857+05:30',	'2021-11-27 11:04:07.843857+05:30'),
(1055,	'Mangalam',	5,	NULL,	NULL,	'2021-11-27 11:04:07.843857+05:30',	'2021-11-27 11:04:07.843857+05:30'),
(1056,	'Thriprangode',	5,	NULL,	NULL,	'2021-11-27 11:04:07.843857+05:30',	'2021-11-27 11:04:07.843857+05:30'),
(1057,	'Vettom',	5,	NULL,	NULL,	'2021-11-27 11:04:07.843857+05:30',	'2021-11-27 11:04:07.843857+05:30'),
(1058,	'Thalakkad',	5,	NULL,	NULL,	'2021-11-27 11:04:07.843857+05:30',	'2021-11-27 11:04:07.843857+05:30'),
(1059,	'Thirunavaya',	5,	NULL,	NULL,	'2021-11-27 11:04:07.843857+05:30',	'2021-11-27 11:04:07.843857+05:30'),
(1060,	'Thavanur',	5,	NULL,	NULL,	'2021-11-27 11:04:07.843857+05:30',	'2021-11-27 11:04:07.843857+05:30'),
(1061,	'Vattamkulam',	5,	NULL,	NULL,	'2021-11-27 11:04:07.843857+05:30',	'2021-11-27 11:04:07.843857+05:30'),
(1062,	'Edappal',	5,	NULL,	NULL,	'2021-11-27 11:04:07.843857+05:30',	'2021-11-27 11:04:07.843857+05:30'),
(1063,	'Kalady',	5,	NULL,	NULL,	'2021-11-27 11:04:07.843857+05:30',	'2021-11-27 11:04:07.843857+05:30'),
(1064,	'Alamkode',	5,	NULL,	NULL,	'2021-11-27 11:04:07.843857+05:30',	'2021-11-27 11:04:07.843857+05:30'),
(1065,	'Maranchery',	5,	NULL,	NULL,	'2021-11-27 11:04:07.843857+05:30',	'2021-11-27 11:04:07.843857+05:30'),
(1066,	'Nannamukku',	5,	NULL,	NULL,	'2021-11-27 11:04:07.843857+05:30',	'2021-11-27 11:04:07.843857+05:30'),
(1067,	'Perumbadappu',	5,	NULL,	NULL,	'2021-11-27 11:04:07.843857+05:30',	'2021-11-27 11:04:07.843857+05:30'),
(1068,	'Veliyancode',	5,	NULL,	NULL,	'2021-11-27 11:04:07.843857+05:30',	'2021-11-27 11:04:07.843857+05:30'),
(1151,	'Thykkattussery',	11,	NULL,	NULL,	'2021-11-27 11:04:07.843857+05:30',	'2021-11-27 11:04:07.843857+05:30'),
(1152,	'Pattanakkad',	11,	NULL,	NULL,	'2021-11-27 11:04:07.843857+05:30',	'2021-11-27 11:04:07.843857+05:30'),
(1153,	'Kanjikkuzhy',	11,	NULL,	NULL,	'2021-11-27 11:04:07.843857+05:30',	'2021-11-27 11:04:07.843857+05:30'),
(1154,	'Aryad',	11,	NULL,	NULL,	'2021-11-27 11:04:07.843857+05:30',	'2021-11-27 11:04:07.843857+05:30'),
(1155,	'Ambalappuzha',	11,	NULL,	NULL,	'2021-11-27 11:04:07.843857+05:30',	'2021-11-27 11:04:07.843857+05:30'),
(1156,	'Champakkulam',	11,	NULL,	NULL,	'2021-11-27 11:04:07.843857+05:30',	'2021-11-27 11:04:07.843857+05:30'),
(1157,	'Veliyanad',	11,	NULL,	NULL,	'2021-11-27 11:04:07.843857+05:30',	'2021-11-27 11:04:07.843857+05:30'),
(1158,	'Chengannur',	11,	NULL,	NULL,	'2021-11-27 11:04:07.843857+05:30',	'2021-11-27 11:04:07.843857+05:30'),
(1159,	'Harippad',	11,	NULL,	NULL,	'2021-11-27 11:04:07.843857+05:30',	'2021-11-27 11:04:07.843857+05:30'),
(1160,	'Mavelikkara',	11,	NULL,	NULL,	'2021-11-27 11:04:07.843857+05:30',	'2021-11-27 11:04:07.843857+05:30'),
(1161,	'Bharanikkavu',	11,	NULL,	NULL,	'2021-11-27 11:04:07.843857+05:30',	'2021-11-27 11:04:07.843857+05:30'),
(1162,	'Muthukulam',	11,	NULL,	NULL,	'2021-11-27 11:04:07.843857+05:30',	'2021-11-27 11:04:07.843857+05:30'),
(1163,	'Irinjalakuda',	7,	NULL,	NULL,	'2021-11-27 11:04:07.843857+05:30',	'2021-11-27 11:04:07.843857+05:30'),
(1164,	'Kodakara ',	7,	NULL,	NULL,	'2021-11-27 11:04:07.843857+05:30',	'2021-11-27 11:04:07.843857+05:30'),
(1165,	'Cherpu',	7,	NULL,	NULL,	'2021-11-27 11:04:07.843857+05:30',	'2021-11-27 11:04:07.843857+05:30'),
(1166,	'Anthikkad ',	7,	NULL,	NULL,	'2021-11-27 11:04:07.843857+05:30',	'2021-11-27 11:04:07.843857+05:30'),
(1167,	'Mathilakam ',	7,	NULL,	NULL,	'2021-11-27 11:04:07.843857+05:30',	'2021-11-27 11:04:07.843857+05:30'),
(1168,	'Thalikulam',	7,	NULL,	NULL,	'2021-11-27 11:04:07.843857+05:30',	'2021-11-27 11:04:07.843857+05:30'),
(1169,	'Mullassery',	7,	NULL,	NULL,	'2021-11-27 11:04:07.843857+05:30',	'2021-11-27 11:04:07.843857+05:30'),
(1170,	'Puzhakkal ',	7,	NULL,	NULL,	'2021-11-27 11:04:07.843857+05:30',	'2021-11-27 11:04:07.843857+05:30'),
(1171,	'Ollukkara',	7,	NULL,	NULL,	'2021-11-27 11:04:07.843857+05:30',	'2021-11-27 11:04:07.843857+05:30'),
(1172,	'Pazhayannur',	7,	NULL,	NULL,	'2021-11-27 11:04:07.843857+05:30',	'2021-11-27 11:04:07.843857+05:30'),
(1173,	'Wadakkanchery ',	7,	NULL,	NULL,	'2021-11-27 11:04:07.843857+05:30',	'2021-11-27 11:04:07.843857+05:30'),
(1174,	'Chowannur',	7,	NULL,	NULL,	'2021-11-27 11:04:07.843857+05:30',	'2021-11-27 11:04:07.843857+05:30'),
(1175,	'Chavakkad',	7,	NULL,	NULL,	'2021-11-27 11:04:07.843857+05:30',	'2021-11-27 11:04:07.843857+05:30'),
(1176,	'Vellangallur',	7,	NULL,	NULL,	'2021-11-27 11:04:07.843857+05:30',	'2021-11-27 11:04:07.843857+05:30'),
(1177,	'Mala',	7,	NULL,	NULL,	'2021-11-27 11:04:07.843857+05:30',	'2021-11-27 11:04:07.843857+05:30'),
(1178,	'Chalakudy ',	7,	NULL,	NULL,	'2021-11-27 11:04:07.843857+05:30',	'2021-11-27 11:04:07.843857+05:30'),
(1179,	'Mallappally',	12,	NULL,	NULL,	'2021-11-27 11:04:07.843857+05:30',	'2021-11-27 11:04:07.843857+05:30'),
(1180,	'Pulikkeezhu',	12,	NULL,	NULL,	'2021-11-27 11:04:07.843857+05:30',	'2021-11-27 11:04:07.843857+05:30'),
(1181,	'Koipuram',	12,	NULL,	NULL,	'2021-11-27 11:04:07.843857+05:30',	'2021-11-27 11:04:07.843857+05:30'),
(1182,	'Elanthoor',	12,	NULL,	NULL,	'2021-11-27 11:04:07.843857+05:30',	'2021-11-27 11:04:07.843857+05:30'),
(1183,	'Ranni',	12,	NULL,	NULL,	'2021-11-27 11:04:07.843857+05:30',	'2021-11-27 11:04:07.843857+05:30'),
(1184,	'Konni',	12,	NULL,	NULL,	'2021-11-27 11:04:07.843857+05:30',	'2021-11-27 11:04:07.843857+05:30'),
(1185,	'Pandalam',	12,	NULL,	NULL,	'2021-11-27 11:04:07.843857+05:30',	'2021-11-27 11:04:07.843857+05:30'),
(1186,	'Parakodu',	12,	NULL,	NULL,	'2021-11-27 11:04:07.843857+05:30',	'2021-11-27 11:04:07.843857+05:30'),
(1187,	'Karadka',	1,	NULL,	NULL,	'2021-11-27 11:04:07.843857+05:30',	'2021-11-27 11:04:07.843857+05:30'),
(1188,	'Manjeshwar',	1,	NULL,	NULL,	'2021-11-27 11:04:07.843857+05:30',	'2021-11-27 11:04:07.843857+05:30'),
(1189,	'Kasaragod',	1,	NULL,	NULL,	'2021-11-27 11:04:07.843857+05:30',	'2021-11-27 11:04:07.843857+05:30'),
(1190,	'Kanhangad',	1,	NULL,	NULL,	'2021-11-27 11:04:07.843857+05:30',	'2021-11-27 11:04:07.843857+05:30'),
(1191,	'Parappa',	1,	NULL,	NULL,	'2021-11-27 11:04:07.843857+05:30',	'2021-11-27 11:04:07.843857+05:30'),
(1192,	'Nileswar',	1,	NULL,	NULL,	'2021-11-27 11:04:07.843857+05:30',	'2021-11-27 11:04:07.843857+05:30'),
(1193,	'Paravur  ',	8,	NULL,	NULL,	'2021-11-27 11:04:07.843857+05:30',	'2021-11-27 11:04:07.843857+05:30'),
(1194,	'Alangad ',	8,	NULL,	NULL,	'2021-11-27 11:04:07.843857+05:30',	'2021-11-27 11:04:07.843857+05:30'),
(1195,	'Angamali  ',	8,	NULL,	NULL,	'2021-11-27 11:04:07.843857+05:30',	'2021-11-27 11:04:07.843857+05:30'),
(1196,	'Koovapady  ',	8,	NULL,	NULL,	'2021-11-27 11:04:07.843857+05:30',	'2021-11-27 11:04:07.843857+05:30'),
(1197,	'Vazhakulam  ',	8,	NULL,	NULL,	'2021-11-27 11:04:07.843857+05:30',	'2021-11-27 11:04:07.843857+05:30'),
(1198,	'Edappally  ',	8,	NULL,	NULL,	'2021-11-27 11:04:07.843857+05:30',	'2021-11-27 11:04:07.843857+05:30'),
(1199,	'Vypin  ',	8,	NULL,	NULL,	'2021-11-27 11:04:07.843857+05:30',	'2021-11-27 11:04:07.843857+05:30'),
(1200,	'Palluruthy  ',	8,	NULL,	NULL,	'2021-11-27 11:04:07.843857+05:30',	'2021-11-27 11:04:07.843857+05:30'),
(1201,	'Mulanthuruthy  ',	8,	NULL,	NULL,	'2021-11-27 11:04:07.843857+05:30',	'2021-11-27 11:04:07.843857+05:30'),
(1202,	'Vadavukode  ',	8,	NULL,	NULL,	'2021-11-27 11:04:07.843857+05:30',	'2021-11-27 11:04:07.843857+05:30'),
(1203,	'Kothamangalam  ',	8,	NULL,	NULL,	'2021-11-27 11:04:07.843857+05:30',	'2021-11-27 11:04:07.843857+05:30'),
(1204,	'Pambakkuda  ',	8,	NULL,	NULL,	'2021-11-27 11:04:07.843857+05:30',	'2021-11-27 11:04:07.843857+05:30'),
(1205,	'Parakkadavu ',	8,	NULL,	NULL,	'2021-11-27 11:04:07.843857+05:30',	'2021-11-27 11:04:07.843857+05:30'),
(1206,	'Muvattupuzha  ',	8,	NULL,	NULL,	'2021-11-27 11:04:07.843857+05:30',	'2021-11-27 11:04:07.843857+05:30'),
(1207,	'Vadakara  ',	4,	NULL,	NULL,	'2021-11-27 11:04:07.843857+05:30',	'2021-11-27 11:04:07.843857+05:30'),
(1208,	'Tuneri  ',	4,	NULL,	NULL,	'2021-11-27 11:04:07.843857+05:30',	'2021-11-27 11:04:07.843857+05:30'),
(1209,	'Kunnummal  ',	4,	NULL,	NULL,	'2021-11-27 11:04:07.843857+05:30',	'2021-11-27 11:04:07.843857+05:30'),
(1210,	'Thodannur  ',	4,	NULL,	NULL,	'2021-11-27 11:04:07.843857+05:30',	'2021-11-27 11:04:07.843857+05:30'),
(1211,	'Melady  ',	4,	NULL,	NULL,	'2021-11-27 11:04:07.843857+05:30',	'2021-11-27 11:04:07.843857+05:30'),
(1212,	'Perambra  ',	4,	NULL,	NULL,	'2021-11-27 11:04:07.843857+05:30',	'2021-11-27 11:04:07.843857+05:30'),
(1213,	'Balusseri  ',	4,	NULL,	NULL,	'2021-11-27 11:04:07.843857+05:30',	'2021-11-27 11:04:07.843857+05:30'),
(1214,	'Panthalayani   ',	4,	NULL,	NULL,	'2021-11-27 11:04:07.843857+05:30',	'2021-11-27 11:04:07.843857+05:30'),
(1215,	'Chelannur  ',	4,	NULL,	NULL,	'2021-11-27 11:04:07.843857+05:30',	'2021-11-27 11:04:07.843857+05:30'),
(1216,	'Koduvally  ',	4,	NULL,	NULL,	'2021-11-27 11:04:07.843857+05:30',	'2021-11-27 11:04:07.843857+05:30'),
(1217,	'Kunnamangalam  ',	4,	NULL,	NULL,	'2021-11-27 11:04:07.843857+05:30',	'2021-11-27 11:04:07.843857+05:30'),
(1218,	'Kozhikode  ',	4,	NULL,	NULL,	'2021-11-27 11:04:07.843857+05:30',	'2021-11-27 11:04:07.843857+05:30'),
(1219,	'Adimali',	9,	NULL,	NULL,	'2021-11-27 11:04:07.843857+05:30',	'2021-11-27 11:04:07.843857+05:30'),
(1220,	'Devikulam',	9,	NULL,	NULL,	'2021-11-27 11:04:07.843857+05:30',	'2021-11-27 11:04:07.843857+05:30'),
(1221,	'Nedumkandom',	9,	NULL,	NULL,	'2021-11-27 11:04:07.843857+05:30',	'2021-11-27 11:04:07.843857+05:30'),
(1222,	'Elamdesom',	9,	NULL,	NULL,	'2021-11-27 11:04:07.843857+05:30',	'2021-11-27 11:04:07.843857+05:30'),
(1223,	'Idukki',	9,	NULL,	NULL,	'2021-11-27 11:04:07.843857+05:30',	'2021-11-27 11:04:07.843857+05:30'),
(1224,	'Kattappana',	9,	NULL,	NULL,	'2021-11-27 11:04:07.843857+05:30',	'2021-11-27 11:04:07.843857+05:30'),
(1225,	'Thodupuzha',	9,	NULL,	NULL,	'2021-11-27 11:04:07.843857+05:30',	'2021-11-27 11:04:07.843857+05:30'),
(1226,	'Azhutha',	9,	NULL,	NULL,	'2021-11-27 11:04:07.843857+05:30',	'2021-11-27 11:04:07.843857+05:30'),
(1227,	'Oachira',	13,	NULL,	NULL,	'2021-11-27 11:04:07.843857+05:30',	'2021-11-27 11:04:07.843857+05:30'),
(1228,	'Sasthamcotta',	13,	NULL,	NULL,	'2021-11-27 11:04:07.843857+05:30',	'2021-11-27 11:04:07.843857+05:30'),
(1229,	'Vettikavala',	13,	NULL,	NULL,	'2021-11-27 11:04:07.843857+05:30',	'2021-11-27 11:04:07.843857+05:30'),
(1230,	'Pathanapuram',	13,	NULL,	NULL,	'2021-11-27 11:04:07.843857+05:30',	'2021-11-27 11:04:07.843857+05:30'),
(1231,	'Anchal',	13,	NULL,	NULL,	'2021-11-27 11:04:07.843857+05:30',	'2021-11-27 11:04:07.843857+05:30'),
(1232,	'Kottarakara',	13,	NULL,	NULL,	'2021-11-27 11:04:07.843857+05:30',	'2021-11-27 11:04:07.843857+05:30'),
(1233,	'Chittumala',	13,	NULL,	NULL,	'2021-11-27 11:04:07.843857+05:30',	'2021-11-27 11:04:07.843857+05:30'),
(1234,	'Chavara',	13,	NULL,	NULL,	'2021-11-27 11:04:07.843857+05:30',	'2021-11-27 11:04:07.843857+05:30'),
(1235,	'Mukhathala',	13,	NULL,	NULL,	'2021-11-27 11:04:07.843857+05:30',	'2021-11-27 11:04:07.843857+05:30'),
(1236,	'Chadayamangalam',	13,	NULL,	NULL,	'2021-11-27 11:04:07.843857+05:30',	'2021-11-27 11:04:07.843857+05:30'),
(1237,	'Ithikara',	13,	NULL,	NULL,	'2021-11-27 11:04:07.843857+05:30',	'2021-11-27 11:04:07.843857+05:30'),
(1238,	'Kalliassery',	2,	NULL,	NULL,	'2021-11-27 11:04:07.843857+05:30',	'2021-11-27 11:04:07.843857+05:30'),
(1239,	'Payyannur',	2,	NULL,	NULL,	'2021-11-27 11:04:07.843857+05:30',	'2021-11-27 11:04:07.843857+05:30'),
(1240,	'Taliparamba',	2,	NULL,	NULL,	'2021-11-27 11:04:07.843857+05:30',	'2021-11-27 11:04:07.843857+05:30'),
(1241,	'Irikkur',	2,	NULL,	NULL,	'2021-11-27 11:04:07.843857+05:30',	'2021-11-27 11:04:07.843857+05:30'),
(1242,	'Kannur',	2,	NULL,	NULL,	'2021-11-27 11:04:07.843857+05:30',	'2021-11-27 11:04:07.843857+05:30'),
(1243,	'Edakkad',	2,	NULL,	NULL,	'2021-11-27 11:04:07.843857+05:30',	'2021-11-27 11:04:07.843857+05:30'),
(1244,	'Thalassery',	2,	NULL,	NULL,	'2021-11-27 11:04:07.843857+05:30',	'2021-11-27 11:04:07.843857+05:30'),
(1245,	'Kuthuparamba',	2,	NULL,	NULL,	'2021-11-27 11:04:07.843857+05:30',	'2021-11-27 11:04:07.843857+05:30'),
(1246,	'Panoor',	2,	NULL,	NULL,	'2021-11-27 11:04:07.843857+05:30',	'2021-11-27 11:04:07.843857+05:30'),
(1247,	'Iritty',	2,	NULL,	NULL,	'2021-11-27 11:04:07.843857+05:30',	'2021-11-27 11:04:07.843857+05:30'),
(1248,	'Peravoor',	2,	NULL,	NULL,	'2021-11-27 11:04:07.843857+05:30',	'2021-11-27 11:04:07.843857+05:30'),
(1249,	'Thrithala',	6,	NULL,	NULL,	'2021-11-27 11:04:07.843857+05:30',	'2021-11-27 11:04:07.843857+05:30'),
(1250,	'Pattambi',	6,	NULL,	NULL,	'2021-11-27 11:04:07.843857+05:30',	'2021-11-27 11:04:07.843857+05:30'),
(1251,	'Ottappalam',	6,	NULL,	NULL,	'2021-11-27 11:04:07.843857+05:30',	'2021-11-27 11:04:07.843857+05:30'),
(1252,	'Sreekrishnapuram',	6,	NULL,	NULL,	'2021-11-27 11:04:07.843857+05:30',	'2021-11-27 11:04:07.843857+05:30'),
(1253,	'Mannarkad',	6,	NULL,	NULL,	'2021-11-27 11:04:07.843857+05:30',	'2021-11-27 11:04:07.843857+05:30'),
(1254,	'Attapadi',	6,	NULL,	NULL,	'2021-11-27 11:04:07.843857+05:30',	'2021-11-27 11:04:07.843857+05:30'),
(1255,	'Palakkad',	6,	NULL,	NULL,	'2021-11-27 11:04:07.843857+05:30',	'2021-11-27 11:04:07.843857+05:30'),
(1256,	'Kuzhalmandam',	6,	NULL,	NULL,	'2021-11-27 11:04:07.843857+05:30',	'2021-11-27 11:04:07.843857+05:30'),
(1257,	'Chittoor',	6,	NULL,	NULL,	'2021-11-27 11:04:07.843857+05:30',	'2021-11-27 11:04:07.843857+05:30'),
(1258,	'Kollankode',	6,	NULL,	NULL,	'2021-11-27 11:04:07.843857+05:30',	'2021-11-27 11:04:07.843857+05:30'),
(1259,	'Nenmara',	6,	NULL,	NULL,	'2021-11-27 11:04:07.843857+05:30',	'2021-11-27 11:04:07.843857+05:30'),
(1260,	'Malampuzha',	6,	NULL,	NULL,	'2021-11-27 11:04:07.843857+05:30',	'2021-11-27 11:04:07.843857+05:30'),
(1261,	'Alathoor',	6,	NULL,	NULL,	'2021-11-27 11:04:07.843857+05:30',	'2021-11-27 11:04:07.843857+05:30'),
(1262,	'Vaikom',	10,	NULL,	NULL,	'2021-11-27 11:04:07.843857+05:30',	'2021-11-27 11:04:07.843857+05:30'),
(1263,	'Kaduthuruthy',	10,	NULL,	NULL,	'2021-11-27 11:04:07.843857+05:30',	'2021-11-27 11:04:07.843857+05:30'),
(1264,	'Ettumanoor',	10,	NULL,	NULL,	'2021-11-27 11:04:07.843857+05:30',	'2021-11-27 11:04:07.843857+05:30'),
(1265,	'Uzhavoor',	10,	NULL,	NULL,	'2021-11-27 11:04:07.843857+05:30',	'2021-11-27 11:04:07.843857+05:30'),
(1266,	'Lalam',	10,	NULL,	NULL,	'2021-11-27 11:04:07.843857+05:30',	'2021-11-27 11:04:07.843857+05:30'),
(1267,	'Erattupetta',	10,	NULL,	NULL,	'2021-11-27 11:04:07.843857+05:30',	'2021-11-27 11:04:07.843857+05:30'),
(1268,	'Pampady',	10,	NULL,	NULL,	'2021-11-27 11:04:07.843857+05:30',	'2021-11-27 11:04:07.843857+05:30'),
(1269,	'Madappally',	10,	NULL,	NULL,	'2021-11-27 11:04:07.843857+05:30',	'2021-11-27 11:04:07.843857+05:30'),
(1270,	'Vazhoor',	10,	NULL,	NULL,	'2021-11-27 11:04:07.843857+05:30',	'2021-11-27 11:04:07.843857+05:30'),
(1271,	'Kanjirappally',	10,	NULL,	NULL,	'2021-11-27 11:04:07.843857+05:30',	'2021-11-27 11:04:07.843857+05:30'),
(1272,	'Pallom',	10,	NULL,	NULL,	'2021-11-27 11:04:07.843857+05:30',	'2021-11-27 11:04:07.843857+05:30'),
(1273,	'Tirur',	5,	NULL,	NULL,	'2021-11-27 11:04:07.843857+05:30',	'2021-11-27 11:04:07.843857+05:30'),
(1274,	'Vengara',	5,	NULL,	NULL,	'2021-11-27 11:04:07.843857+05:30',	'2021-11-27 11:04:07.843857+05:30'),
(1275,	'Tanur',	5,	NULL,	NULL,	'2021-11-27 11:04:07.843857+05:30',	'2021-11-27 11:04:07.843857+05:30'),
(1276,	'Tirurangadi',	5,	NULL,	NULL,	'2021-11-27 11:04:07.843857+05:30',	'2021-11-27 11:04:07.843857+05:30'),
(1277,	'Kuttipuram',	5,	NULL,	NULL,	'2021-11-27 11:04:07.843857+05:30',	'2021-11-27 11:04:07.843857+05:30'),
(1278,	'Mankada',	5,	NULL,	NULL,	'2021-11-27 11:04:07.843857+05:30',	'2021-11-27 11:04:07.843857+05:30'),
(1279,	'Perinthalmanna',	5,	NULL,	NULL,	'2021-11-27 11:04:07.843857+05:30',	'2021-11-27 11:04:07.843857+05:30'),
(1280,	'Malappuram',	5,	NULL,	NULL,	'2021-11-27 11:04:07.843857+05:30',	'2021-11-27 11:04:07.843857+05:30'),
(1281,	'Areacode',	5,	NULL,	NULL,	'2021-11-27 11:04:07.843857+05:30',	'2021-11-27 11:04:07.843857+05:30'),
(1282,	'Kondotty',	5,	NULL,	NULL,	'2021-11-27 11:04:07.843857+05:30',	'2021-11-27 11:04:07.843857+05:30'),
(1283,	'Kalikavu',	5,	NULL,	NULL,	'2021-11-27 11:04:07.843857+05:30',	'2021-11-27 11:04:07.843857+05:30'),
(1284,	'Wandoor',	5,	NULL,	NULL,	'2021-11-27 11:04:07.843857+05:30',	'2021-11-27 11:04:07.843857+05:30'),
(1285,	'Nilambur',	5,	NULL,	NULL,	'2021-11-27 11:04:07.843857+05:30',	'2021-11-27 11:04:07.843857+05:30'),
(1286,	'Ponnani',	5,	NULL,	NULL,	'2021-11-27 11:04:07.843857+05:30',	'2021-11-27 11:04:07.843857+05:30'),
(1287,	'Perumpadappu',	5,	NULL,	NULL,	'2021-11-27 11:04:07.843857+05:30',	'2021-11-27 11:04:07.843857+05:30'),
(1288,	'Parassala',	14,	NULL,	NULL,	'2021-11-27 11:04:07.843857+05:30',	'2021-11-27 11:04:07.843857+05:30'),
(1289,	'Perumkadavila',	14,	NULL,	NULL,	'2021-11-27 11:04:07.843857+05:30',	'2021-11-27 11:04:07.843857+05:30'),
(1290,	'Athiyanoor',	14,	NULL,	NULL,	'2021-11-27 11:04:07.843857+05:30',	'2021-11-27 11:04:07.843857+05:30'),
(1291,	'Nemom',	14,	NULL,	NULL,	'2021-11-27 11:04:07.843857+05:30',	'2021-11-27 11:04:07.843857+05:30'),
(1292,	'Pothencode',	14,	NULL,	NULL,	'2021-11-27 11:04:07.843857+05:30',	'2021-11-27 11:04:07.843857+05:30'),
(1293,	'Vellanad',	14,	NULL,	NULL,	'2021-11-27 11:04:07.843857+05:30',	'2021-11-27 11:04:07.843857+05:30'),
(1294,	'Nedumangad',	14,	NULL,	NULL,	'2021-11-27 11:04:07.843857+05:30',	'2021-11-27 11:04:07.843857+05:30'),
(1295,	'Vamanapuram',	14,	NULL,	NULL,	'2021-11-27 11:04:07.843857+05:30',	'2021-11-27 11:04:07.843857+05:30'),
(1296,	'Kilimanoor',	14,	NULL,	NULL,	'2021-11-27 11:04:07.843857+05:30',	'2021-11-27 11:04:07.843857+05:30'),
(1297,	'Chirayinkeezhu',	14,	NULL,	NULL,	'2021-11-27 11:04:07.843857+05:30',	'2021-11-27 11:04:07.843857+05:30'),
(1298,	'Varkala',	14,	NULL,	NULL,	'2021-11-27 11:04:07.843857+05:30',	'2021-11-27 11:04:07.843857+05:30'),
(1299,	'Mananthavady',	3,	NULL,	NULL,	'2021-11-27 11:04:07.843857+05:30',	'2021-11-27 11:04:07.843857+05:30'),
(1300,	'Sulthan Bathery',	3,	NULL,	NULL,	'2021-11-27 11:04:07.843857+05:30',	'2021-11-27 11:04:07.843857+05:30'),
(1301,	'Kalpetta',	3,	NULL,	NULL,	'2021-11-27 11:04:07.843857+05:30',	'2021-11-27 11:04:07.843857+05:30'),
(1302,	'Panamaram',	3,	NULL,	NULL,	'2021-11-27 11:04:07.843857+05:30',	'2021-11-27 11:04:07.843857+05:30'),
(1406,	'THIRUVANANTHAPURAM',	14,	NULL,	NULL,	'2021-11-27 11:04:07.843857+05:30',	'2021-11-27 11:04:07.843857+05:30'),
(1407,	'KOLLAM',	13,	NULL,	NULL,	'2021-11-27 11:04:07.843857+05:30',	'2021-11-27 11:04:07.843857+05:30'),
(1408,	'PATHANAMTHITTA  ',	12,	NULL,	NULL,	'2021-11-27 11:04:07.843857+05:30',	'2021-11-27 11:04:07.843857+05:30'),
(1409,	'ALAPPUZHA',	11,	NULL,	NULL,	'2021-11-27 11:04:07.843857+05:30',	'2021-11-27 11:04:07.843857+05:30'),
(1410,	'KOTTAYAM',	10,	NULL,	NULL,	'2021-11-27 11:04:07.843857+05:30',	'2021-11-27 11:04:07.843857+05:30'),
(1411,	'IDUKKI ',	9,	NULL,	NULL,	'2021-11-27 11:04:07.843857+05:30',	'2021-11-27 11:04:07.843857+05:30'),
(1412,	'ERNAKULAM  ',	8,	NULL,	NULL,	'2021-11-27 11:04:07.843857+05:30',	'2021-11-27 11:04:07.843857+05:30'),
(1413,	'THRISSUR',	7,	NULL,	NULL,	'2021-11-27 11:04:07.843857+05:30',	'2021-11-27 11:04:07.843857+05:30'),
(1414,	'PALAKKAD  ',	6,	NULL,	NULL,	'2021-11-27 11:04:07.843857+05:30',	'2021-11-27 11:04:07.843857+05:30'),
(1415,	'MALAPPURAM',	5,	NULL,	NULL,	'2021-11-27 11:04:07.843857+05:30',	'2021-11-27 11:04:07.843857+05:30'),
(1416,	'KOZHIKKODE',	4,	NULL,	NULL,	'2021-11-27 11:04:07.843857+05:30',	'2021-11-27 11:04:07.843857+05:30'),
(1417,	'WAYANAD  ',	3,	NULL,	NULL,	'2021-11-27 11:04:07.843857+05:30',	'2021-11-27 11:04:07.843857+05:30'),
(1418,	'KANNUR',	2,	NULL,	NULL,	'2021-11-27 11:04:07.843857+05:30',	'2021-11-27 11:04:07.843857+05:30'),
(1419,	'KASARGOD',	1,	NULL,	NULL,	'2021-11-27 11:04:07.843857+05:30',	'2021-11-27 11:04:07.843857+05:30');

DROP TABLE IF EXISTS "blood_donation";
DROP SEQUENCE IF EXISTS blood_donation_id_seq;
CREATE SEQUENCE blood_donation_id_seq INCREMENT 1 MINVALUE 1 MAXVALUE 2147483647 START 4 CACHE 1;

CREATE TABLE "public"."blood_donation" (
    "id" integer DEFAULT nextval('blood_donation_id_seq') NOT NULL,
    "donors_id" integer NOT NULL,
    "donated_time" timestamp NOT NULL,
    CONSTRAINT "blood_donation_pkey" PRIMARY KEY ("id")
) WITH (oids = false);


DROP TABLE IF EXISTS "blood_groups";
DROP SEQUENCE IF EXISTS blood_groups_id_seq;
CREATE SEQUENCE blood_groups_id_seq INCREMENT 1 MINVALUE 1 MAXVALUE 2147483647 CACHE 1;

CREATE TABLE "public"."blood_groups" (
    "bid" integer DEFAULT nextval('blood_groups_id_seq') NOT NULL,
    "blood_group" character varying(255),
    "blood_id" character varying(255),
    "blood_icon" character varying(255),
    CONSTRAINT "blood_groups_pkey" PRIMARY KEY ("bid")
) WITH (oids = false);

INSERT INTO "blood_groups" ("bid", "blood_group", "blood_id", "blood_icon") VALUES
(1,	'A Positive',	'a_positive',	'A+'),
(2,	'A Negative',	'a_negative',	'A-'),
(3,	'B Positive',	'b_positive',	'B+'),
(4,	'B Negative',	'b_negative',	'B-'),
(5,	'O Positive',	'o_positive',	'O+'),
(6,	'O Negative',	'o_negative',	'O+'),
(7,	'AB Positive',	'ab_positive',	'AB+'),
(8,	'AB Negative',	'ab_negative',	'AB+');

DROP TABLE IF EXISTS "district";
DROP SEQUENCE IF EXISTS district_id_seq;
CREATE SEQUENCE district_id_seq INCREMENT 1 MINVALUE 1 MAXVALUE 32767 CACHE 1;

CREATE TABLE "public"."district" (
    "id" smallint DEFAULT nextval('district_id_seq') NOT NULL,
    "districtname" character varying NOT NULL,
    "disrtict_code" integer NOT NULL,
    CONSTRAINT "district_pkey" PRIMARY KEY ("id")
) WITH (oids = false);

INSERT INTO "district" ("id", "districtname", "disrtict_code") VALUES
(1,	'KASARGOD',	1),
(2,	'KANNUR',	2),
(3,	'WAYANAD',	3),
(4,	'KOZHIKODE',	4),
(5,	'MALAPPURAM',	5),
(6,	'PALAKKAD',	6),
(7,	'THRISSUR',	7),
(8,	'ERNAKULAM',	8),
(9,	'IDUKKI',	9),
(10,	'KOTTAYAM',	10),
(11,	'ALAPPUZHA',	11),
(12,	'PATHANAMTHITTA',	12),
(13,	'KOLLAM',	13),
(14,	'THIRUVANANTHAPURAM',	14);

DROP TABLE IF EXISTS "donors";
DROP SEQUENCE IF EXISTS donors_id_seq1;
CREATE SEQUENCE donors_id_seq1 INCREMENT 1 MINVALUE 1 MAXVALUE 2147483647 START 685 CACHE 1;

CREATE TABLE "public"."donors" (
    "id" integer DEFAULT nextval('donors_id_seq1') NOT NULL,
    "name" character varying NOT NULL,
    "bloodgroup" integer NOT NULL,
    "district" integer NOT NULL,
    "block_panchayaths" integer NOT NULL,
    "email" character varying NOT NULL,
    "phone" character varying NOT NULL,
    "o_id" integer,
    CONSTRAINT "donors_pkey" PRIMARY KEY ("id")
) WITH (oids = false);


DROP TABLE IF EXISTS "organised_by";
DROP SEQUENCE IF EXISTS "organised by_id_seq";
CREATE SEQUENCE "organised by_id_seq" INCREMENT  MINVALUE  MAXVALUE  CACHE ;

CREATE TABLE "public"."organised_by" (
    "o_id" integer DEFAULT nextval('"organised by_id_seq"') NOT NULL,
    "name" character varying(255) NOT NULL,
    CONSTRAINT "organised by_pkey" PRIMARY KEY ("o_id")
) WITH (oids = false);


DROP TABLE IF EXISTS "session";
CREATE TABLE "public"."session" (
    "token" character varying(64),
    "count" integer,
    "expires" timestamptz,
    "user_id" uuid NOT NULL
) WITH (oids = false);


DROP TABLE IF EXISTS "users";
CREATE TABLE "public"."users" (
    "id" uuid NOT NULL,
    "first_name" character varying(50),
    "last_name" character varying(50),
    "email" character varying(128),
    "password" character varying(255),
    "token" text,
    "updated_at" timestamp,
    "o_id" integer,
    CONSTRAINT "users_email_unique" UNIQUE ("email"),
    CONSTRAINT "users_pkey" PRIMARY KEY ("id")
) WITH (oids = false);

INSERT INTO "users" ("id", "first_name", "last_name", "email", "password", "token", "updated_at", "o_id") VALUES
('6b98d9bc-0658-42ec-a2a0-b579212021f6',	'mrudul',	'k s',	'mrudulcap@gmail.com',	'Main123#',	'gR1HLUbjmrwbN0dvf6LsfESc',	'2022-04-12 10:41:05.487',	3),
('6ac4f43f-91b1-4aac-94e0-bd293844849b',	'Admin',	'User',	'admin@example.com',	'Main123#',	'8E6gir9lQyt9C0HZ8IGrHfRQ',	'2022-04-12 11:18:49.733',	1),
('a1e318c7-5aa3-45b2-bfbe-6df5f061f7dd',	'Testing',	'Three',	'testing3@gmail.com',	'Testing3',	'ZFVziVjFZQhaACK7ZW0j50ef',	'2022-04-11 12:03:21.53',	1),
('c9badc35-86c0-45a4-92d5-f1fa9d3cfb5a',	'Testing',	'Four',	'testing4@gmail.com',	'Testing4',	NULL,	'2022-04-11 12:21:19.814',	2);

-- 2022-04-12 12:12:32.061138+05:30
